official_code,name,source,type,deck_origin,complexity,vertical_slice_role,script_path,script_found,database_found,source_art_path,art_asset,image_available,test_status,notes,database_name,database_alias
01784619,Uraby,official,Monstro Normal,provided_pool,simple,,,not_required_no_effect,true,Cards.rar::Cards/Monstros/Normais/1784619.jpg,Assets/Game/Cards/Art/1784619.jpg,true,pending,,Uraby,
02863439,Reflexo Demoníaco nº 2,official,Monstro Normal,provided_pool,simple,,,not_required_no_effect,true,Cards.rar::Cards/Monstros/Normais/2863439.jpg,Assets/Game/Cards/Art/2863439.jpg,true,pending,,Fiend Reflection #2,
07089711,Hane-Hane,official,Monstro de Efeito de Virar,vertical_alpha,trigger_effect,trigger_effect,official/c7089711.lua,true,true,Cards.rar::Cards/Monstros/Efeito/7089711.jpg,Assets/Game/Cards/Art/7089711.jpg,true,pending,,Hane-Hane,
10202894,Pássaro da Crista Vermelha,official,Monstro Normal,provided_pool,simple,,,not_required_no_effect,true,Cards.rar::Cards/Monstros/Normais/10202894.jpg,Assets/Game/Cards/Art/10202894.jpg,true,pending,,Skull Red Bird,
13039848,Soldado de Pedra Gigante,official,Monstro Normal,provided_pool,simple,,,not_required_no_effect,true,Cards.rar::Cards/Monstros/Normais/13039848.jpg,Assets/Game/Cards/Art/13039848.jpg,true,pending,,Giant Soldier of Stone,
15025844,Elfa Mística,official,Monstro Normal,provided_pool,simple,,,not_required_no_effect,true,Cards.rar::Cards/Monstros/Normais/15025844.jpg,Assets/Game/Cards/Art/15025844.jpg,true,pending,,Mystical Elf,
17881964,Dragão do Fogo Negro,official,Monstro de Fusão,provided_pool,extra_deck,,official/c17881964.lua,true,true,Cards.rar::Cards/Monstros/Fusao/17881964.jpg,Assets/Game/Cards/Art/17881964.jpg,true,pending,,Darkfire Dragon,
22910685,Rei Fantasma Verde,official,Monstro Normal,provided_pool,simple,,,not_required_no_effect,true,Cards.rar::Cards/Monstros/Normais/22910685.jpg,Assets/Game/Cards/Art/22910685.jpg,true,pending,,Green Phantom King,
23424603,Terra Árida,official,Magia de Campo,provided_pool,continuous,,official/c23424603.lua,true,true,Cards.rar::Cards/Magias/Campo/23424603.jpg,Assets/Game/Cards/Art/23424603.jpg,true,pending,,Wasteland,
28279543,Maldição do Dragão,official,Monstro Normal,provided_pool,simple,,,not_required_no_effect,true,Cards.rar::Cards/Monstros/Normais/28279543.jpg,Assets/Game/Cards/Art/28279543.jpg,true,pending,,Curse of Dragon,
32452818,Castor Guerreiro,official,Monstro Normal,provided_pool,simple,,,not_required_no_effect,true,Cards.rar::Cards/Monstros/Normais/32452818.jpg,Assets/Game/Cards/Art/32452818.jpg,true,pending,,Beaver Warrior,
36304921,Fantasma Sarcástico,official,Monstro Normal,provided_pool,simple,,,not_required_no_effect,true,Cards.rar::Cards/Monstros/Normais/36304921.jpg,Assets/Game/Cards/Art/36304921.jpg,true,pending,,Witty Phantom,
37313348,Tigre Tartaruga,official,Monstro Normal,provided_pool,simple,,,not_required_no_effect,true,Cards.rar::Cards/Monstros/Normais/37313348.jpg,Assets/Game/Cards/Art/37313348.jpg,true,pending,,Turtle Tiger,
37421579,"Charubin, o Cavaleiro do Fogo",official,Monstro de Fusão,provided_pool,extra_deck,,official/c37421579.lua,true,true,Cards.rar::Cards/Monstros/Fusao/37421579.jpg,Assets/Game/Cards/Art/37421579.jpg,true,pending,,Charubin the Fire Knight,
39111158,Dragão de Três Chifres,official,Monstro Normal,provided_pool,simple,,,not_required_no_effect,true,Cards.rar::Cards/Monstros/Normais/39111158.jpg,Assets/Game/Cards/Art/39111158.jpg,true,pending,,Tri-Horned Dragon,
45042329,Besta Eletro-Transmissora,official,Monstro Normal,provided_pool,simple,,,not_required_no_effect,true,Cards.rar::Cards/Monstros/Normais/45042329.jpg,Assets/Game/Cards/Art/45042329.jpg,true,pending,,Tripwire Beast,
46130346,Hinotama,official,Magia Normal,provided_pool,simple,,official/c46130346.lua,true,true,Cards.rar::Cards/Magias/Normais/46130346.jpg,Assets/Game/Cards/Art/46130346.jpg,true,pending,,Hinotama,
50913601,Montanha,official,Magia de Campo,provided_pool,continuous,,official/c50913601.lua,true,true,Cards.rar::Cards/Magias/Campo/50913601.jpg,Assets/Game/Cards/Art/50913601.jpg,true,pending,,Mountain,
54541900,Guerreiro Karbonala,official,Monstro de Fusão,provided_pool,extra_deck,,official/c54541900.lua,true,true,Cards.rar::Cards/Monstros/Fusao/54541900.jpg,Assets/Game/Cards/Art/54541900.jpg,true,pending,,Karbonala Warrior,
66788016,Fissura,official,Magia Normal,provided_pool,simple,,official/c66788016.lua,true,true,Cards.rar::Cards/Magias/Normais/66788016.jpg,Assets/Game/Cards/Art/66788016.jpg,true,pending,,Fissure,
70681994,"Dragoness, o Cavaleiro Perverso",official,Monstro de Fusão,provided_pool,extra_deck,,official/c70681994.lua,true,true,Cards.rar::Cards/Monstros/Fusao/70681994.jpg,Assets/Game/Cards/Art/70681994.jpg,true,pending,Duplicate source entry/art detected; catalog deduplicated by official code.,Dragoness the Wicked Knight,
71407486,Fireyarou,official,Monstro Normal,provided_pool,simple,,,not_required_no_effect,true,Cards.rar::Cards/Monstros/Normais/71407486.jpg,Assets/Game/Cards/Art/71407486.jpg,true,pending,,Fireyarou,
73134082,Chama Final,official,Magia Normal,provided_pool,simple,,official/c73134081.lua,via_alias,true,Cards.rar::Cards/Magias/Normais/73134082.jpg,Assets/Game/Cards/Art/73134082.jpg,true,pending,,Final Flame,73134081
77827521,Julgamento Infernal,official,Monstro Normal,provided_pool,simple,,,not_required_no_effect,true,Cards.rar::Cards/Monstros/Normais/77827521.jpg,Assets/Game/Cards/Art/77827521.jpg,true,pending,,Trial of Nightmare,
80770678,Espírito da Harpa,official,Monstro Normal,provided_pool,simple,,,not_required_no_effect,true,Cards.rar::Cards/Monstros/Normais/80770678.jpg,Assets/Game/Cards/Art/80770678.jpg,true,pending,,Spirit of the Harp,
89631139,Dragão Branco de Olhos Azuis,official,Monstro Normal,vertical_alpha,normal_monster,normal_monster,,not_required_no_effect,true,Cards.rar::Cards/Monstros/Normais/89631139.jpg,Assets/Game/Cards/Art/89631139.jpg,true,pending,,Blue-Eyes White Dragon,
95952802,Lobo Flor,official,Monstro de Fusão,provided_pool,extra_deck,,official/c95952802.lua,true,true,Cards.rar::Cards/Monstros/Fusao/95952802.jpg,Assets/Game/Cards/Art/95952802.jpg,true,pending,,Flower Wolf,
22134079,Emboscador do Coveiro,official,Monstro de Efeito,provided_pool,intermediate,,official/c22134079.lua,true,true,Cards.rar::Cards/Monstros/Efeito/gravekeeper_s_ambusher__4k__by_nhociory_dg2ss9o-414w-2x.jpg,Assets/Game/Cards/Art/gravekeeper_s_ambusher__4k__by_nhociory_dg2ss9o-414w-2x.jpg,true,pending,,Gravekeeper's Ambusher,
62473983,Chefe do Coveiro,official,Monstro de Efeito,provided_pool,intermediate,,official/c62473983.lua,true,true,Cards.rar::Cards/Monstros/Efeito/gravekeeper_s_chief__4k__by_nhociory_dg2ssbj-414w-2x.jpg,Assets/Game/Cards/Art/gravekeeper_s_chief__4k__by_nhociory_dg2ssbj-414w-2x.jpg,true,pending,,Gravekeeper's Chief,
21663205,Mandante do Coveiro,official,Monstro de Efeito,provided_pool,intermediate,,official/c21663205.lua,true,true,Cards.rar::Cards/Monstros/Efeito/gravekeeper_s_headman__4k__by_nhociory_dg2ssdt-414w-2x.jpg,Assets/Game/Cards/Art/gravekeeper_s_headman__4k__by_nhociory_dg2ssdt-414w-2x.jpg,true,pending,,Gravekeeper's Headman,
01184620,Kojikocy,official,Monstro Normal,provided_pool,simple,,,not_required_no_effect,true,Cards.rar::Cards/Monstros/Normais/1184620.jpg,Assets/Game/Cards/Art/1184620.jpg,true,pending,,Kojikocy,
02504891,Cavaleiro Caveira,official,Monstro de Fusão,provided_pool,extra_deck,,official/c2504891.lua,true,true,Cards.rar::Cards/Monstros/Fusao/2504891.jpg,Assets/Game/Cards/Art/2504891.jpg,true,pending,,Skull Knight,
03027001,Armadilha Falsa,official,Armadilha Normal,provided_pool,simple,,official/c3027001.lua,true,true,Cards.rar::Cards/Armadilhas/Normais/3027001.jpg,Assets/Game/Cards/Art/3027001.jpg,true,pending,,Fake Trap,
04614116,Energia das Trevas,official,Magia de Equipamento,provided_pool,continuous,,official/c4614116.lua,true,true,Cards.rar::Cards/Magias/Equipamento/4614116.jpg,Assets/Game/Cards/Art/4614116.jpg,true,pending,,Dark Energy,
09076207,Ninja Armado,official,Monstro de Efeito de Virar,provided_pool,trigger,,official/c9076207.lua,true,true,Cards.rar::Cards/Monstros/Efeito/9076207.jpg,Assets/Game/Cards/Art/9076207.jpg,true,pending,,Armed Ninja,
09293977,Dragão de Metal,official,Monstro de Fusão,provided_pool,extra_deck,,official/c9293977.lua,true,true,Cards.rar::Cards/Monstros/Fusao/9293977.jpg,Assets/Game/Cards/Art/9293977.jpg,true,pending,,Metal Dragon,
09653271,Ataque Kaminari,official,Monstro de Fusão,provided_pool,extra_deck,,official/c9653271.lua,true,true,Cards.rar::Cards/Monstros/Fusao/9653271.jpg,Assets/Game/Cards/Art/9653271.jpg,true,pending,,Kaminari Attack,
11384280,Soldado Canhão,official,Monstro de Efeito,provided_pool,intermediate,,official/c11384280.lua,true,true,Cards.rar::Cards/Monstros/Efeito/11384280.jpg,Assets/Game/Cards/Art/11384280.jpg,true,pending,,Cannon Soldier,
11901678,Dragão Caveira Negro,official,Monstro de Fusão,vertical_alpha,extra_deck,extra_deck,official/c11901678.lua,true,true,Cards.rar::Cards/Monstros/Fusao/11901678.jpg,Assets/Game/Cards/Art/11901678.jpg,true,pending,,Black Skull Dragon,
15150365,Chapéu Mágico Branco,official,Monstro de Efeito,provided_pool,intermediate,,official/c15150365.lua,true,true,Cards.rar::Cards/Monstros/Efeito/15150365.jpg,Assets/Game/Cards/Art/15150365.jpg,true,pending,,White Magical Hat,
15237615,Juíza Imperatriz,official,Monstro de Fusão,provided_pool,extra_deck,,official/c15237615.lua,true,true,Cards.rar::Cards/Monstros/Fusao/15237615.jpg,Assets/Game/Cards/Art/15237615.jpg,true,pending,,Empress Judge,
19066538,Cobra do Mar Rugidora,official,Monstro de Fusão,provided_pool,extra_deck,,official/c19066538.lua,true,true,Cards.rar::Cards/Monstros/Fusao/19066538.jpg,Assets/Game/Cards/Art/19066538.jpg,true,pending,,Roaring Ocean Snake,
21417692,Elfa Negra,official,Monstro de Efeito,provided_pool,intermediate,,official/c21417692.lua,true,true,Cards.rar::Cards/Monstros/Efeito/21417692.jpg,Assets/Game/Cards/Art/21417692.jpg,true,pending,,Dark Elf,
23771716,Peixe de 7 Cores,official,Monstro Normal,provided_pool,simple,,,not_required_no_effect,true,Cards.rar::Cards/Monstros/Normais/23771716.jpg,Assets/Game/Cards/Art/23771716.jpg,true,pending,,7 Colored Fish,
24611934,Ryu-Kishin Potencializado,official,Monstro Normal,provided_pool,simple,,,not_required_no_effect,true,Cards.rar::Cards/Monstros/Normais/24611934.jpg,Assets/Game/Cards/Art/24611934.jpg,true,pending,,Ryu-Kishin Powered,
25880422,Bloquear Ataque,official,Magia Normal,provided_pool,simple,,official/c25880422.lua,true,true,Cards.rar::Cards/Magias/Normais/25880422.jpg,Assets/Game/Cards/Art/25880422.jpg,true,pending,,Block Attack,
26202165,Sangan,official,Monstro de Efeito,provided_pool,intermediate,,official/c26202165.lua,true,true,Cards.rar::Cards/Monstros/Efeito/26202165.jpg,Assets/Game/Cards/Art/26202165.jpg,true,pending,,Sangan,
28546905,Ilusionista Sem Rosto,official,Monstro Normal,provided_pool,simple,,,not_required_no_effect,true,Cards.rar::Cards/Monstros/Normais/28546905.jpg,Assets/Game/Cards/Art/28546905.jpg,true,pending,,Illusionist Faceless Mage,
28593363,Tubarão das Profundezas do Mar,official,Monstro de Fusão,provided_pool,extra_deck,,official/c28593363.lua,true,true,Cards.rar::Cards/Monstros/Fusao/28593363.jpg,Assets/Game/Cards/Art/28593363.jpg,true,pending,,Deepsea Shark,
41396436,Coroa de Asas Azuis,official,Monstro Normal,provided_pool,simple,,,not_required_no_effect,true,Cards.rar::Cards/Monstros/Normais/41396436.jpg,Assets/Game/Cards/Art/41396436.jpg,true,pending,,Blue-Winged Crown,
46657337,Muka Muka,official,Monstro de Efeito,provided_pool,intermediate,,official/c46657337.lua,true,true,Cards.rar::Cards/Monstros/Efeito/46657337.jpg,Assets/Game/Cards/Art/46657337.jpg,true,pending,,Muka Muka,
50045299,Jarro de Captura de Dragões,official,Armadilha Contínua,provided_pool,continuous,,official/c50045299.lua,true,true,Cards.rar::Cards/Armadilhas/Continuas/50045299.jpg,Assets/Game/Cards/Art/50045299.jpg,true,pending,,Dragon Capture Jar,
50152549,Poção Paralisante,official,Magia de Equipamento,provided_pool,continuous,,official/c50152549.lua,true,true,Cards.rar::Cards/Magias/Equipamento/50152549.jpg,Assets/Game/Cards/Art/50152549.jpg,true,pending,,Paralyzing Potion,
51482758,Remover Armadilha,official,Magia Normal,provided_pool,simple,,official/c51482758.lua,true,true,Cards.rar::Cards/Magias/Normais/51482758.jpg,Assets/Game/Cards/Art/51482758.jpg,true,pending,,Remove Trap,
51828629,"Giltia, o Cavaleiro D.",official,Monstro de Fusão,provided_pool,extra_deck,,official/c51828629.lua,true,true,Cards.rar::Cards/Monstros/Fusao/51828629.jpg,Assets/Game/Cards/Art/51828629.jpg,true,pending,,Giltia the D. Knight,
52097679,Escudo & Espada,official,Magia Normal,provided_pool,simple,,official/c52097679.lua,true,true,Cards.rar::Cards/Magias/Normais/52097679.jpg,Assets/Game/Cards/Art/52097679.jpg,true,pending,,Shield & Sword,
54652250,Inseto Devorador de Homens,official,Monstro de Efeito de Virar,provided_pool,trigger,,official/c54652250.lua,true,true,Cards.rar::Cards/Monstros/Efeito/54652250.jpg,Assets/Game/Cards/Art/54652250.jpg,true,pending,,Man-Eater Bug,
56907389,Rei Músico,official,Monstro de Fusão,provided_pool,extra_deck,,official/c56907389.lua,true,true,Cards.rar::Cards/Monstros/Fusao/56907389.jpg,Assets/Game/Cards/Art/56907389.jpg,true,pending,,Musician King,
63102017,Impedir a Defesa,official,Magia Normal,provided_pool,simple,,official/c63102017.lua,true,true,Cards.rar::Cards/Magias/Normais/63102017.jpg,Assets/Game/Cards/Art/63102017.jpg,true,pending,,Stop Defense,
66889139,"Gaia, o Matador de Dragões",official,Monstro de Fusão,provided_pool,extra_deck,,official/c66889139.lua,true,true,Cards.rar::Cards/Monstros/Fusao/66889139.jpg,Assets/Game/Cards/Art/66889139.jpg,true,pending,,Gaia the Dragon Champion,
71107816,O Carniceiro do Bar,official,Monstro de Efeito,provided_pool,intermediate,,official/c71107816.lua,true,true,Cards.rar::Cards/Monstros/Efeito/71107816.jpg,Assets/Game/Cards/Art/71107816.jpg,true,pending,,The Bistro Butcher,
83225447,Poção de Estimulação,official,Magia de Equipamento,provided_pool,continuous,,official/c83225447.lua,true,true,Cards.rar::Cards/Magias/Equipamento/83225447.jpg,Assets/Game/Cards/Art/83225447.jpg,true,pending,,Stim-Pack,
89112729,Ciber Saurus,official,Monstro de Fusão,provided_pool,extra_deck,,official/c89112729.lua,true,true,Cards.rar::Cards/Monstros/Fusao/89112729.jpg,Assets/Game/Cards/Art/89112729.jpg,true,pending,,Cyber Saurus,
93889755,Palhaço Grosseiro,official,Monstro de Efeito,provided_pool,intermediate,,official/c93889755.lua,true,true,Cards.rar::Cards/Monstros/Efeito/93889755.jpg,Assets/Game/Cards/Art/93889755.jpg,true,pending,,Crass Clown,
94773007,Jirai Gumo,official,Monstro de Efeito,provided_pool,intermediate,,official/c94773007.lua,true,true,Cards.rar::Cards/Monstros/Efeito/94773007.jpg,Assets/Game/Cards/Art/94773007.jpg,true,pending,,Jirai Gumo,
94905343,Centauro Furioso,official,Monstro de Fusão,provided_pool,extra_deck,,official/c94905343.lua,true,true,Cards.rar::Cards/Monstros/Fusao/94905343.jpg,Assets/Game/Cards/Art/94905343.jpg,true,pending,,Rabid Horseman,
98252586,Vento Seguidor,official,Magia de Equipamento,provided_pool,continuous,,official/c98252586.lua,true,true,Cards.rar::Cards/Magias/Equipamento/98252586.jpg,Assets/Game/Cards/Art/98252586.jpg,true,pending,,Follow Wind,
98495314,Espada dos Enraizados,official,Magia de Equipamento,provided_pool,continuous,,official/c98495314.lua,true,true,Cards.rar::Cards/Magias/Equipamento/98495314.jpg,Assets/Game/Cards/Art/98495314.jpg,true,pending,,Sword of Deep-Seated,
82732705,Drenar Habilidades,official,Armadilha Contínua,provided_pool,continuous,,official/c82732705.lua,true,true,Cards.rar::Cards/Armadilhas/Continuas/82732705.jpg,Assets/Game/Cards/Art/82732705.jpg,true,pending,,Skill Drain,
97077563,Chamado dos Assombrados,official,Armadilha Contínua,provided_pool,continuous,,official/c97077563.lua,true,true,Cards.rar::Cards/Armadilhas/Continuas/97077563.jpg,Assets/Game/Cards/Art/97077563.jpg,true,pending,,Call of the Haunted,
04206964,Buraco Armadilha,official,Armadilha Normal,provided_pool,simple,,official/c4206964.lua,true,true,Cards.rar::Cards/Armadilhas/Normais/4206964.jpg,Assets/Game/Cards/Art/4206964.jpg,true,pending,,Trap Hole,
29401950,Buraco Armadilha Sem Fundo,official,Armadilha Normal,provided_pool,simple,,official/c29401950.lua,true,true,Cards.rar::Cards/Armadilhas/Normais/29401950.jpg,Assets/Game/Cards/Art/29401950.jpg,true,pending,,Bottomless Trap Hole,
44095762,Força do Espelho,official,Armadilha Normal,vertical_beta,trap,trap,official/c44095762.lua,true,true,Cards.rar::Cards/Armadilhas/Normais/44095762.jpg,Assets/Game/Cards/Art/44095762.jpg,true,pending,,Mirror Force,
53582587,Tributo Torrencial,official,Armadilha Normal,provided_pool,simple,,official/c53582587.lua,true,true,Cards.rar::Cards/Armadilhas/Normais/53582587.jpg,Assets/Game/Cards/Art/53582587.jpg,true,pending,,Torrential Tribute,
62279055,Cilindro Mágico,official,Armadilha Normal,provided_pool,simple,,official/c62279055.lua,true,true,Cards.rar::Cards/Armadilhas/Normais/62279055.jpg,Assets/Game/Cards/Art/62279055.jpg,true,pending,,Magic Cylinder,
94192409,Aparelho de Evacuação Obrigatória,official,Armadilha Normal,provided_pool,simple,,official/c94192409.lua,true,true,Cards.rar::Cards/Armadilhas/Normais/94192409.jpg,Assets/Game/Cards/Art/94192409.jpg,true,pending,,Compulsory Evacuation Device,
41420027,Julgamento Solene,official,Armadilha de Resposta,provided_pool,negation,,official/c41420027.lua,true,true,Cards.rar::Cards/Armadilhas/Resposta/41420027.jpg,Assets/Game/Cards/Art/41420027.jpg,true,pending,,Solemn Judgment,
49010598,Cólera Divina,official,Armadilha de Resposta,provided_pool,negation,,official/c49010598.lua,true,true,Cards.rar::Cards/Armadilhas/Resposta/49010598.jpg,Assets/Game/Cards/Art/49010598.jpg,true,pending,,Divine Wrath,
00295517,Um Oceano Lendário,official,Magia de Campo,provided_pool,continuous,,official/c295517.lua,true,true,Cards.rar::Cards/Magias/Campo/295517.jpg,Assets/Game/Cards/Art/295517.jpg,true,pending,,A Legendary Ocean,22702055
56747793,Juntos Resistiremos,official,Magia de Equipamento,provided_pool,continuous,,official/c56747793.lua,true,true,Cards.rar::Cards/Magias/Equipamento/56747793.jpg,Assets/Game/Cards/Art/56747793.jpg,true,pending,,United We Stand,
24094653,Polimerização,official,Magia Normal,provided_pool,simple,,official/c24094653.lua,true,true,Cards.rar::Cards/Magias/Normais/24094653.jpg,Assets/Game/Cards/Art/24094653.jpg,true,pending,,Polymerization,
53129443,Buraco Negro,official,Magia Normal,vertical_beta,normal_spell,normal_spell,official/c53129443.lua,true,true,Cards.rar::Cards/Magias/Normais/53129443.jpg,Assets/Game/Cards/Art/53129443.jpg,true,pending,,Dark Hole,
55144522,Pote da Ganância,official,Magia Normal,provided_pool,simple,,official/c55144522.lua,true,true,Cards.rar::Cards/Magias/Normais/55144522.jpg,Assets/Game/Cards/Art/55144522.jpg,true,pending,,Pot of Greed,
73628505,Transformação Campal,official,Magia Normal,provided_pool,simple,,official/c73628505.lua,true,true,Cards.rar::Cards/Magias/Normais/73628505.jpg,Assets/Game/Cards/Art/73628505.jpg,true,pending,,Terraforming,
83764719,Reviver Monstro,official,Magia Normal,provided_pool,simple,,official/c83764718.lua,via_alias,true,Cards.rar::Cards/Magias/Normais/83764719.jpg,Assets/Game/Cards/Art/83764719.jpg,true,pending,,Monster Reborn,83764718
05318639,Tufão Espacial Místico,official,Magia Rápida,vertical_alpha,quick_play_spell,quick_play_spell,official/c5318639.lua,true,true,Cards.rar::Cards/Magias/Rapidas/5318639.jpg,Assets/Game/Cards/Art/5318639.jpg,true,pending,,Mystical Space Typhoon,
14087893,Livro da Lua,official,Magia Rápida,provided_pool,quick,,official/c14087893.lua,true,true,Cards.rar::Cards/Magias/Rapidas/14087893.jpg,Assets/Game/Cards/Art/14087893.jpg,true,pending,,Book of Moon,
46052429,Arte Ritual Avançada,official,Magia de Ritual,provided_pool,simple,,official/c46052429.lua,true,true,Cards.rar::Cards/Magias/Ritual/46052429.jpg,Assets/Game/Cards/Art/46052429.jpg,true,pending,,Advanced Ritual Art,
07572887,D.D. Lady Guerreira,official,Monstro de Efeito,provided_pool,intermediate,,official/c7572887.lua,true,true,Cards.rar::Cards/Monstros/Efeito/7572887.jpg,Assets/Game/Cards/Art/7572887.jpg,true,pending,,D.D. Warrior Lady,
31305911,Marshmallon,official,Monstro de Efeito,provided_pool,intermediate,,official/c31305911.lua,true,true,Cards.rar::Cards/Monstros/Efeito/31305911.jpg,Assets/Game/Cards/Art/31305911.jpg,true,pending,,Marshmallon,
40640057,Kuriboh,official,Monstro de Efeito,provided_pool,intermediate,,official/c40640057.lua,true,true,Cards.rar::Cards/Monstros/Efeito/40640057.jpg,Assets/Game/Cards/Art/40640057.jpg,true,pending,,Kuriboh,
70095154,Dragão Cibernético,official,Monstro de Efeito,provided_pool,intermediate,,official/c70095154.lua,true,true,Cards.rar::Cards/Monstros/Efeito/70095154.jpg,Assets/Game/Cards/Art/70095154.jpg,true,pending,,Cyber Dragon,
71413901,"Breaker, o Guerreiro Mágico",official,Monstro de Efeito,vertical_beta,ignition_effect,ignition_effect,official/c71413901.lua,true,true,Cards.rar::Cards/Monstros/Efeito/71413901.jpg,Assets/Game/Cards/Art/71413901.jpg,true,pending,,Breaker the Magical Warrior,
74131780,Força Exilada,official,Monstro de Efeito,vertical_alpha,ignition_effect,ignition_effect,official/c74131780.lua,true,true,Cards.rar::Cards/Monstros/Efeito/74131780.jpg,Assets/Game/Cards/Art/74131780.jpg,true,pending,,Exiled Force,
77585513,Jinzo,official,Monstro de Efeito,vertical_beta,continuous_effect,continuous_effect,official/c77585513.lua,true,true,Cards.rar::Cards/Monstros/Efeito/77585513.jpg,Assets/Game/Cards/Art/77585513.jpg,true,pending,,Jinzo,
78658564,Força de Ataque dos Goblins,official,Monstro de Efeito,provided_pool,intermediate,,official/c78658564.lua,true,true,Cards.rar::Cards/Monstros/Efeito/78658564.jpg,Assets/Game/Cards/Art/78658564.jpg,true,pending,,Goblin Attack Force,
93920745,Soldado Pinguim,official,Monstro de Efeito de Virar,vertical_beta,trigger_effect,trigger_effect,official/c93920745.lua,true,true,Cards.rar::Cards/Monstros/Efeito/93920745.jpg,Assets/Game/Cards/Art/93920745.jpg,true,pending,,Penguin Soldier,
97268402,Ocultador de Efeitos,official,Monstro Regulador de Efeito,vertical_alpha,quick_effect,quick_effect,official/c97268402.lua,true,true,Cards.rar::Cards/Monstros/Efeito/97268402.jpg,Assets/Game/Cards/Art/97268402.jpg,true,pending,,Effect Veiler,
46986414,Mago Negro,official,Monstro Normal,vertical_beta,normal_monster,normal_monster,,not_required_no_effect,true,Cards.rar::Cards/Monstros/Normais/46986414.jpg,Assets/Game/Cards/Art/46986414.jpg,true,pending,,Dark Magician,
38517737,Dragão Branco Alternativo de Olhos Azuis,official,Monstro de Efeito,ygoprodeck_blue_eyes,intermediate,,official/c38517737.lua,true,true,https://images.ygoprodeck.com/images/cards/38517737.jpg,Assets/Game/Cards/Art/38517737.jpg,true,pending,Staged outside Assets until the 12-card vertical slice passes.,Blue-Eyes Alternative White Dragon,
30576089,Dragão Jato de Olhos Azuis,official,Monstro de Efeito,ygoprodeck_blue_eyes,trigger,,official/c30576089.lua,true,true,https://images.ygoprodeck.com/images/cards/30576089.jpg,Assets/Game/Cards/Art/30576089.jpg,true,pending,Staged outside Assets until the 12-card vertical slice passes.,Blue-Eyes Jet Dragon,
45467446,Espírito Dragão de Branco,official,Monstro de Efeito,ygoprodeck_blue_eyes,quick,,official/c45467446.lua,true,true,https://images.ygoprodeck.com/images/cards/45467446.jpg,Assets/Game/Cards/Art/45467446.jpg,true,pending,Staged outside Assets until the 12-card vertical slice passes.,Dragon Spirit of White,
66961194,Ditador dos Dragões,official,Monstro de Efeito,ygoprodeck_blue_eyes,intermediate,,official/c66961194.lua,true,true,https://images.ygoprodeck.com/images/cards/66961194.jpg,Assets/Game/Cards/Art/66961194.jpg,true,pending,Staged outside Assets until the 12-card vertical slice passes.,Dictator of D.,
08240199,Sábio com Azul nos Olhos,official,Monstro Regulador de Efeito,ygoprodeck_blue_eyes,trigger,,official/c8240199.lua,true,true,https://images.ygoprodeck.com/images/cards/8240199.jpg,Assets/Game/Cards/Art/8240199.jpg,true,pending,Staged outside Assets until the 12-card vertical slice passes.,Sage with Eyes of Blue,
88241506,Donzela com Azul nos Olhos,official,Monstro Regulador de Efeito,ygoprodeck_blue_eyes,negation,,official/c88241506.lua,true,true,https://images.ygoprodeck.com/images/cards/88241506.jpg,Assets/Game/Cards/Art/88241506.jpg,true,pending,Staged outside Assets until the 12-card vertical slice passes.,Maiden with Eyes of Blue,
45644898,Mestre com Azul nos Olhos,official,Monstro Regulador de Efeito,ygoprodeck_blue_eyes,trigger,,official/c45644898.lua,true,true,https://images.ygoprodeck.com/images/cards/45644898.jpg,Assets/Game/Cards/Art/45644898.jpg,true,pending,Staged outside Assets until the 12-card vertical slice passes.,Master with Eyes of Blue,
72855441,Protetor com Azul nos Olhos,official,Monstro Regulador de Efeito,ygoprodeck_blue_eyes,trigger,,official/c72855441.lua,true,true,https://images.ygoprodeck.com/images/cards/72855441.jpg,Assets/Game/Cards/Art/72855441.jpg,true,pending,Staged outside Assets until the 12-card vertical slice passes.,Protector with Eyes of Blue,
71039903,A Pedra Branca dos Antigos,official,Monstro Regulador de Efeito,ygoprodeck_blue_eyes,trigger,,official/c71039903.lua,true,true,https://images.ygoprodeck.com/images/cards/71039903.jpg,Assets/Game/Cards/Art/71039903.jpg,true,pending,Staged outside Assets until the 12-card vertical slice passes.,The White Stone of Ancients,
79814787,A Pedra Branca das Lendas,official,Monstro Regulador de Efeito,ygoprodeck_blue_eyes,trigger,,official/c79814787.lua,true,true,https://images.ygoprodeck.com/images/cards/79814787.jpg,Assets/Game/Cards/Art/79814787.jpg,true,pending,Staged outside Assets until the 12-card vertical slice passes.,The White Stone of Legend,
55410871,Dragão MÁX do Caos de Olhos Azuis,official,Monstro de Ritual com Efeito,ygoprodeck_blue_eyes,exceptional,,official/c55410871.lua,true,true,https://images.ygoprodeck.com/images/cards/55410871.jpg,Assets/Game/Cards/Art/55410871.jpg,true,pending,Staged outside Assets until the 12-card vertical slice passes.,Blue-Eyes Chaos MAX Dragon,
02129638,Dragão Gêmeo da Explosão de Olhos Azuis,official,Monstro de Fusão,ygoprodeck_blue_eyes,extra_deck,,official/c2129638.lua,true,true,https://images.ygoprodeck.com/images/cards/2129638.jpg,Assets/Game/Cards/Art/2129638.jpg,true,pending,Staged outside Assets until the 12-card vertical slice passes.,Blue-Eyes Twin Burst Dragon,
59822133,Dragão Espírito de Olhos Azuis,official,Monstro Sincro,ygoprodeck_blue_eyes,extra_deck,,official/c59822133.lua,true,true,https://images.ygoprodeck.com/images/cards/59822133.jpg,Assets/Game/Cards/Art/59822133.jpg,true,pending,Staged outside Assets until the 12-card vertical slice passes.,Blue-Eyes Spirit Dragon,
40908371,Dragão Prateado de Olhos Cerúleos,official,Monstro Sincro,ygoprodeck_blue_eyes,extra_deck,,official/c40908371.lua,true,true,https://images.ygoprodeck.com/images/cards/40908371.jpg,Assets/Game/Cards/Art/40908371.jpg,true,pending,Staged outside Assets until the 12-card vertical slice passes.,Azure-Eyes Silver Dragon,
56920308,A Criatura Definitiva da Destruição,official,Carta de Armadilha,ygoprodeck_blue_eyes,trigger,,official/c56920308.lua,true,true,https://images.ygoprodeck.com/images/cards/56920308.jpg,Assets/Game/Cards/Art/56920308.jpg,true,pending,Staged outside Assets until the 12-card vertical slice passes.,The Ultimate Creature of Destruction,
62089826,Luz Verdadeira,official,Carta de Armadilha,ygoprodeck_blue_eyes,continuous,,official/c62089826.lua,true,true,https://images.ygoprodeck.com/images/cards/62089826.jpg,Assets/Game/Cards/Art/62089826.jpg,true,pending,Staged outside Assets until the 12-card vertical slice passes.,True Light,
71143015,Fusão Definitiva,official,Carta de Magia,ygoprodeck_blue_eyes,quick,,official/c71143015.lua,true,true,https://images.ygoprodeck.com/images/cards/71143015.jpg,Assets/Game/Cards/Art/71143015.jpg,true,pending,Staged outside Assets until the 12-card vertical slice passes.,Ultimate Fusion,
48800175,A Melodia do Despertar do Dragão,official,Carta de Magia,ygoprodeck_blue_eyes,intermediate,,official/c48800175.lua,true,true,https://images.ygoprodeck.com/images/cards/48800175.jpg,Assets/Game/Cards/Art/48800175.jpg,true,pending,Staged outside Assets until the 12-card vertical slice passes.,The Melody of Awakening Dragon,
38033121,Pequena Maga Negra,official,Monstro de Efeito,ygoprodeck_dark_magician,intermediate,,official/c38033121.lua,true,true,https://images.ygoprodeck.com/images/cards/38033121.jpg,Assets/Game/Cards/Art/38033121.jpg,true,pending,Staged outside Assets until the 12-card vertical slice passes.,Dark Magician Girl,
07084129,Bastão do Mago,official,Monstro de Efeito,ygoprodeck_dark_magician,trigger,,official/c7084129.lua,true,true,https://images.ygoprodeck.com/images/cards/7084129.jpg,Assets/Game/Cards/Art/7084129.jpg,true,pending,Staged outside Assets until the 12-card vertical slice passes.,Magician's Rod,
97631303,Almas dos Magos,official,Monstro de Efeito,ygoprodeck_dark_magician,trigger,,official/c97631303.lua,true,true,https://images.ygoprodeck.com/images/cards/97631303.jpg,Assets/Game/Cards/Art/97631303.jpg,true,pending,Staged outside Assets until the 12-card vertical slice passes.,Magicians' Souls,
30603688,Maga da Ilusão Aprendiz,official,Monstro de Efeito,ygoprodeck_dark_magician,quick,,official/c30603688.lua,true,true,https://images.ygoprodeck.com/images/cards/30603688.jpg,Assets/Game/Cards/Art/30603688.jpg,true,pending,Staged outside Assets until the 12-card vertical slice passes.,Apprentice Illusion Magician,
71703785,"Mahad, o Oráculo de Paládio",official,Monstro de Efeito,ygoprodeck_dark_magician,trigger,,official/c71703785.lua,true,true,https://images.ygoprodeck.com/images/cards/71703785.jpg,Assets/Game/Cards/Art/71703785.jpg,true,pending,Staged outside Assets until the 12-card vertical slice passes.,Palladium Oracle Mahad,
03078380,"Timaeus, o Dragão Unido",official,Monstro de Efeito,ygoprodeck_dark_magician,intermediate,,official/c3078380.lua,true,true,https://images.ygoprodeck.com/images/cards/3078380.jpg,Assets/Game/Cards/Art/3078380.jpg,true,pending,Staged outside Assets until the 12-card vertical slice passes.,Timaeus the United Dragon,
40737112,Mago Negro do Caos,official,Monstro de Efeito,ygoprodeck_dark_magician,replacement,,official/c40737112.lua,true,true,https://images.ygoprodeck.com/images/cards/40737112.jpg,Assets/Game/Cards/Art/40737112.jpg,true,pending,Staged outside Assets until the 12-card vertical slice passes.,Dark Magician of Chaos,
12266229,Ilusão do Caos,official,Monstro de Ritual com Efeito,ygoprodeck_dark_magician,exceptional,,official/c12266229.lua,true,true,https://images.ygoprodeck.com/images/cards/12266229.jpg,Assets/Game/Cards/Art/12266229.jpg,true,pending,Staged outside Assets until the 12-card vertical slice passes.,Illusion of Chaos,
50237654,Os Magos Negros,official,Monstro de Fusão,ygoprodeck_dark_magician,extra_deck,,official/c50237654.lua,true,true,https://images.ygoprodeck.com/images/cards/50237654.jpg,Assets/Game/Cards/Art/50237654.jpg,true,pending,Staged outside Assets until the 12-card vertical slice passes.,The Dark Magicians,
41721210,"Mago Negro, o Cavaleiro Dragão",official,Monstro de Fusão,ygoprodeck_dark_magician,extra_deck,,official/c41721210.lua,true,true,https://images.ygoprodeck.com/images/cards/41721210.jpg,Assets/Game/Cards/Art/41721210.jpg,true,pending,Staged outside Assets until the 12-card vertical slice passes.,Dark Magician the Dragon Knight,
85059922,Mestre do Caos,official,Monstro de Fusão,ygoprodeck_dark_magician,extra_deck,,official/c85059922.lua,true,true,https://images.ygoprodeck.com/images/cards/85059922.jpg,Assets/Game/Cards/Art/85059922.jpg,true,pending,Staged outside Assets until the 12-card vertical slice passes.,Master of Chaos,
96471335,Mago de Ébano da Ilusão,official,Monstro Xyz,ygoprodeck_dark_magician,extra_deck,,official/c96471335.lua,true,true,https://images.ygoprodeck.com/images/cards/96471335.jpg,Assets/Game/Cards/Art/96471335.jpg,true,pending,Staged outside Assets until the 12-card vertical slice passes.,Ebon Illusion Magician,
85551711,Alto Mago de Ébano,official,Monstro Xyz,ygoprodeck_dark_magician,extra_deck,,official/c85551711.lua,true,true,https://images.ygoprodeck.com/images/cards/85551711.jpg,Assets/Game/Cards/Art/85551711.jpg,true,pending,Staged outside Assets until the 12-card vertical slice passes.,Ebon High Magician,
47222536,Círculo Mágico Negro,official,Carta de Magia,ygoprodeck_dark_magician,continuous,,official/c47222536.lua,true,true,https://images.ygoprodeck.com/images/cards/47222536.jpg,Assets/Game/Cards/Art/47222536.jpg,true,pending,Staged outside Assets until the 12-card vertical slice passes.,Dark Magical Circle,
48680970,Alma Eterna,official,Carta de Armadilha,ygoprodeck_dark_magician,continuous,,official/c48680970.lua,true,true,https://images.ygoprodeck.com/images/cards/48680970.jpg,Assets/Game/Cards/Art/48680970.jpg,true,pending,Staged outside Assets until the 12-card vertical slice passes.,Eternal Soul,
23020408,Servo da Alma,official,Carta de Magia,ygoprodeck_dark_magician,quick,,official/c23020408.lua,true,true,https://images.ygoprodeck.com/images/cards/23020408.jpg,Assets/Game/Cards/Art/23020408.jpg,true,pending,Staged outside Assets until the 12-card vertical slice passes.,Soul Servant,
59514116,Segredos da Magia Negra,official,Carta de Magia,ygoprodeck_dark_magician,quick,,official/c59514116.lua,true,true,https://images.ygoprodeck.com/images/cards/59514116.jpg,Assets/Game/Cards/Art/59514116.jpg,true,pending,Staged outside Assets until the 12-card vertical slice passes.,Secrets of Dark Magic,
01784686,O Olho de Timaeus,official,Carta de Magia,ygoprodeck_dark_magician,intermediate,,official/c1784686.lua,true,true,https://images.ygoprodeck.com/images/cards/1784686.jpg,Assets/Game/Cards/Art/1784686.jpg,true,pending,Staged outside Assets until the 12-card vertical slice passes.,The Eye of Timaeus,
74677422,Dragão Negro de Olhos Vermelhos,official,Monstro Normal,ygoprodeck_red_eyes,simple,,,not_required_no_effect,true,https://images.ygoprodeck.com/images/cards/74677422.jpg,Assets/Game/Cards/Art/74677422.jpg,true,pending,Staged outside Assets until the 12-card vertical slice passes.,Red-Eyes Black Dragon,
64335804,Dragão Metálico Negro de Olhos Vermelhos,official,Monstro de Efeito,ygoprodeck_red_eyes,intermediate,,official/c64335804.lua,true,true,https://images.ygoprodeck.com/images/cards/64335804.jpg,Assets/Game/Cards/Art/64335804.jpg,true,pending,Staged outside Assets until the 12-card vertical slice passes.,Red-Eyes Black Metal Dragon,
93969023,Dragão Metálico Negro,official,Monstro de Efeito,ygoprodeck_red_eyes,trigger,,official/c93969023.lua,true,true,https://images.ygoprodeck.com/images/cards/93969023.jpg,Assets/Game/Cards/Art/93969023.jpg,true,pending,Staged outside Assets until the 12-card vertical slice passes.,Black Metal Dragon,
66574418,A Pedra Negra das Lendas,official,Monstro de Efeito,ygoprodeck_red_eyes,trigger,,official/c66574418.lua,true,true,https://images.ygoprodeck.com/images/cards/66574418.jpg,Assets/Game/Cards/Art/66574418.jpg,true,pending,Staged outside Assets until the 12-card vertical slice passes.,The Black Stone of Legend,
67300516,Wivern de Olhos Vermelhos,official,Monstro de Efeito,ygoprodeck_red_eyes,trigger,,official/c67300516.lua,true,true,https://images.ygoprodeck.com/images/cards/67300516.jpg,Assets/Game/Cards/Art/67300516.jpg,true,pending,Staged outside Assets until the 12-card vertical slice passes.,Red-Eyes Wyvern,
58257569,Dragão Filhote de Olhos Vermelhos,official,Monstro de Efeito,ygoprodeck_red_eyes,trigger,,official/c58257569.lua,true,true,https://images.ygoprodeck.com/images/cards/58257569.jpg,Assets/Game/Cards/Art/58257569.jpg,true,pending,Staged outside Assets until the 12-card vertical slice passes.,Red-Eyes Baby Dragon,
85651167,"Gearfried, o Cavaleiro de Ferro de Olhos Vermelhos",official,Monstro de Efeito,ygoprodeck_red_eyes,trigger,,official/c85651167.lua,true,true,https://images.ygoprodeck.com/images/cards/85651167.jpg,Assets/Game/Cards/Art/85651167.jpg,true,pending,Staged outside Assets until the 12-card vertical slice passes.,Gearfried the Red-Eyes Iron Knight,
44405066,Dragão Metálico Chamejante de Olhos Vermelhos,official,Monstro Xyz,ygoprodeck_red_eyes,extra_deck,,official/c44405066.lua,true,true,https://images.ygoprodeck.com/images/cards/44405066.jpg,Assets/Game/Cards/Art/44405066.jpg,true,pending,Staged outside Assets until the 12-card vertical slice passes.,Red-Eyes Flare Metal Dragon,
21140872,Dragão Retalhador de Olhos Vermelhos,official,Monstro de Fusão,ygoprodeck_red_eyes,extra_deck,,official/c21140872.lua,true,true,https://images.ygoprodeck.com/images/cards/21140872.jpg,Assets/Game/Cards/Art/21140872.jpg,true,pending,Staged outside Assets until the 12-card vertical slice passes.,Red-Eyes Slash Dragon,
45349196,Arquidemônio Dragão Caveira Negro,official,Monstro de Fusão,ygoprodeck_red_eyes,extra_deck,,official/c45349196.lua,true,true,https://images.ygoprodeck.com/images/cards/45349196.jpg,Assets/Game/Cards/Art/45349196.jpg,true,pending,Staged outside Assets until the 12-card vertical slice passes.,Archfiend Black Skull Dragon,
06172122,Fusão dos Olhos Vermelhos,official,Carta de Magia,ygoprodeck_red_eyes,trigger,,official/c6172122.lua,true,true,https://images.ygoprodeck.com/images/cards/6172122.jpg,Assets/Game/Cards/Art/6172122.jpg,true,pending,Staged outside Assets until the 12-card vertical slice passes.,Red-Eyes Fusion,
92353449,Intuição dos Olhos Vermelhos,official,Carta de Magia,ygoprodeck_red_eyes,intermediate,,official/c92353449.lua,true,true,https://images.ygoprodeck.com/images/cards/92353449.jpg,Assets/Game/Cards/Art/92353449.jpg,true,pending,Staged outside Assets until the 12-card vertical slice passes.,Red-Eyes Insight,
32566831,Cards da Pedra Vermelha,official,Carta de Magia,ygoprodeck_red_eyes,intermediate,,official/c32566831.lua,true,true,https://images.ygoprodeck.com/images/cards/32566831.jpg,Assets/Game/Cards/Art/32566831.jpg,true,pending,Staged outside Assets until the 12-card vertical slice passes.,Cards of the Red Stone,
39387565,Retorno dos Olhos Vermelhos,official,Carta de Armadilha,ygoprodeck_red_eyes,continuous,,official/c39387565.lua,true,true,https://images.ygoprodeck.com/images/cards/39387565.jpg,Assets/Game/Cards/Art/39387565.jpg,true,pending,Staged outside Assets until the 12-card vertical slice passes.,Return of the Red-Eyes,
44397496,Espírito de Olhos Vermelhos,official,Carta de Armadilha,ygoprodeck_red_eyes,intermediate,,official/c44397496.lua,true,true,https://images.ygoprodeck.com/images/cards/44397496.jpg,Assets/Game/Cards/Art/44397496.jpg,true,pending,Staged outside Assets until the 12-card vertical slice passes.,Red-Eyes Spirit,
70781052,Caveira Invocada,official,Monstro Normal,ygoprodeck_classic,simple,,,not_required_no_effect,true,https://images.ygoprodeck.com/images/cards/70781052.jpg,Assets/Game/Cards/Art/70781052.jpg,true,pending,Staged outside Assets until the 12-card vertical slice passes.,Summoned Skull,
78193831,Blader Notável,official,Monstro de Efeito,ygoprodeck_classic,intermediate,,official/c78193831.lua,true,true,https://images.ygoprodeck.com/images/cards/78193831.jpg,Assets/Game/Cards/Art/78193831.jpg,true,pending,Staged outside Assets until the 12-card vertical slice passes.,Buster Blader,
91152256,Guardião Celta,official,Monstro Normal,ygoprodeck_classic,simple,,,not_required_no_effect,true,https://images.ygoprodeck.com/images/cards/91152256.jpg,Assets/Game/Cards/Art/91152256.jpg,true,pending,Staged outside Assets until the 12-card vertical slice passes.,Celtic Guardian,
06368038,"Gaia, o Cavaleiro Impetuoso",official,Monstro Normal,ygoprodeck_classic,simple,,,not_required_no_effect,true,https://images.ygoprodeck.com/images/cards/6368038.jpg,Assets/Game/Cards/Art/6368038.jpg,true,pending,Staged outside Assets until the 12-card vertical slice passes.,Gaia The Fierce Knight,
05405694,Soldado do Lustro Negro,official,Monstro de Ritual,ygoprodeck_classic,simple,,official/c5405694.lua,true,true,https://images.ygoprodeck.com/images/cards/5405694.jpg,Assets/Game/Cards/Art/5405694.jpg,true,pending,Staged outside Assets until the 12-card vertical slice passes.,Black Luster Soldier,
72989439,Soldado do Lustro Negro - Enviado do Princípio,official,Monstro de Efeito,ygoprodeck_classic,trigger,,official/c72989439.lua,true,true,https://images.ygoprodeck.com/images/cards/72989439.jpg,Assets/Game/Cards/Art/72989439.jpg,true,pending,Staged outside Assets until the 12-card vertical slice passes.,Black Luster Soldier - Envoy of the Beginning,
09596126,Feiticeiro do Caos,official,Monstro de Efeito,ygoprodeck_classic,intermediate,,official/c9596126.lua,true,true,https://images.ygoprodeck.com/images/cards/9596126.jpg,Assets/Game/Cards/Art/9596126.jpg,true,pending,Staged outside Assets until the 12-card vertical slice passes.,Chaos Sorcerer,
19665973,Desvanecer da Batalha,official,Monstro de Efeito,ygoprodeck_classic,trigger,,official/c19665973.lua,true,true,https://images.ygoprodeck.com/images/cards/19665973.jpg,Assets/Game/Cards/Art/19665973.jpg,true,pending,Staged outside Assets until the 12-card vertical slice passes.,Battle Fader,
37742478,Honesto,official,Monstro de Efeito,ygoprodeck_classic,quick,,official/c37742478.lua,true,true,https://images.ygoprodeck.com/images/cards/37742478.jpg,Assets/Game/Cards/Art/37742478.jpg,true,pending,Staged outside Assets until the 12-card vertical slice passes.,Honest,
24508238,D.D. Corvo,official,Monstro de Efeito,ygoprodeck_classic,quick,,official/c24508238.lua,true,true,https://images.ygoprodeck.com/images/cards/24508238.jpg,Assets/Game/Cards/Art/24508238.jpg,true,pending,Staged outside Assets until the 12-card vertical slice passes.,D.D. Crow,
14558127,Florescer de Cinzas & Primavera Feliz,official,Monstro Regulador de Efeito,ygoprodeck_classic,negation,,official/c14558127.lua,true,true,https://images.ygoprodeck.com/images/cards/14558127.jpg,Assets/Game/Cards/Art/14558127.jpg,true,pending,Staged outside Assets until the 12-card vertical slice passes.,Ash Blossom & Joyous Spring,
59438930,Ogro Fantasma & Coelho da Neve,official,Monstro Regulador de Efeito,ygoprodeck_classic,quick,,official/c59438930.lua,true,true,https://images.ygoprodeck.com/images/cards/59438930.jpg,Assets/Game/Cards/Art/59438930.jpg,true,pending,Staged outside Assets until the 12-card vertical slice passes.,Ghost Ogre & Snow Rabbit,
94145021,Droll & Pássaro Fechadura,official,Monstro de Efeito,ygoprodeck_classic,quick,,official/c94145021.lua,true,true,https://images.ygoprodeck.com/images/cards/94145021.jpg,Assets/Game/Cards/Art/94145021.jpg,true,pending,Staged outside Assets until the 12-card vertical slice passes.,Droll & Lock Bird,
23434538,"""C"" Maxx",official,Monstro de Efeito,ygoprodeck_classic,intermediate,,official/c23434538.lua,true,true,https://images.ygoprodeck.com/images/cards/23434538.jpg,Assets/Game/Cards/Art/23434538.jpg,true,pending,Staged outside Assets until the 12-card vertical slice passes.,"Maxx ""C""",
27204311,"Nibiru, o Ser Primitivo",official,Monstro de Efeito,ygoprodeck_classic,quick,,official/c27204311.lua,true,true,https://images.ygoprodeck.com/images/cards/27204311.jpg,Assets/Game/Cards/Art/27204311.jpg,true,pending,Staged outside Assets until the 12-card vertical slice passes.,"Nibiru, the Primal Being",
44330098,"Gorz, o Emissário da Escuridão",official,Monstro de Efeito,ygoprodeck_classic,trigger,,official/c44330098.lua,true,true,https://images.ygoprodeck.com/images/cards/44330098.jpg,Assets/Game/Cards/Art/44330098.jpg,true,pending,Staged outside Assets until the 12-card vertical slice passes.,Gorz the Emissary of Darkness,
23205979,Ceifeiro de Espíritos,official,Monstro de Efeito,ygoprodeck_classic,trigger,,official/c23205979.lua,true,true,https://images.ygoprodeck.com/images/cards/23205979.jpg,Assets/Game/Cards/Art/23205979.jpg,true,pending,Staged outside Assets until the 12-card vertical slice passes.,Spirit Reaper,
12538374,Sapo Arbóreo,official,Monstro de Efeito,ygoprodeck_classic,trigger,,official/c12538374.lua,true,true,https://images.ygoprodeck.com/images/cards/12538374.jpg,Assets/Game/Cards/Art/12538374.jpg,true,pending,Staged outside Assets until the 12-card vertical slice passes.,Treeborn Frog,
84290642,Caçador Escondido,official,Monstro de Efeito,ygoprodeck_classic,intermediate,,official/c84290642.lua,true,true,https://images.ygoprodeck.com/images/cards/84290642.jpg,Assets/Game/Cards/Art/84290642.jpg,true,pending,Staged outside Assets until the 12-card vertical slice passes.,Snipe Hunter,
85087012,Soldado Card,official,Monstro de Efeito,ygoprodeck_classic,trigger,,official/c85087012.lua,true,true,https://images.ygoprodeck.com/images/cards/85087012.jpg,Assets/Game/Cards/Art/85087012.jpg,true,pending,Staged outside Assets until the 12-card vertical slice passes.,Card Trooper,
69015963,Ciber-Stein,official,Monstro de Efeito,ygoprodeck_classic,intermediate,,official/c69015963.lua,true,true,https://images.ygoprodeck.com/images/cards/69015963.jpg,Assets/Game/Cards/Art/69015963.jpg,true,pending,Staged outside Assets until the 12-card vertical slice passes.,Cyber-Stein,
33508719,Jarro Metamórfico,official,Monstro de Efeito de Virar,ygoprodeck_classic,intermediate,,official/c33508719.lua,true,true,https://images.ygoprodeck.com/images/cards/33508719.jpg,Assets/Game/Cards/Art/33508719.jpg,true,pending,Staged outside Assets until the 12-card vertical slice passes.,Morphing Jar,
78706415,Jarro de Fibra,official,Monstro de Efeito de Virar,ygoprodeck_classic,intermediate,,official/c78706415.lua,true,true,https://images.ygoprodeck.com/images/cards/78706415.jpg,Assets/Game/Cards/Art/78706415.jpg,true,pending,Staged outside Assets until the 12-card vertical slice passes.,Fiber Jar,
78010363,Bruxa da Floresta Negra,official,Monstro de Efeito,ygoprodeck_classic,trigger,,official/c78010363.lua,true,true,https://images.ygoprodeck.com/images/cards/78010363.jpg,Assets/Game/Cards/Art/78010363.jpg,true,pending,Staged outside Assets until the 12-card vertical slice passes.,Witch of the Black Forest,
12580477,Raigeki,official,Carta de Magia,ygoprodeck_interaction,intermediate,,official/c12580477.lua,true,true,https://images.ygoprodeck.com/images/cards/12580477.jpg,Assets/Game/Cards/Art/12580477.jpg,true,pending,Staged outside Assets until the 12-card vertical slice passes.,Raigeki,
18144506,Espanador de Penas da Harpia,official,Carta de Magia,ygoprodeck_interaction,intermediate,,official/c18144506.lua,true,true,https://images.ygoprodeck.com/images/cards/18144506.jpg,Assets/Game/Cards/Art/18144506.jpg,true,pending,Staged outside Assets until the 12-card vertical slice passes.,Harpie's Feather Duster,
14532163,Tempestade de Relâmpagos,official,Carta de Magia,ygoprodeck_interaction,trigger,,official/c14532163.lua,true,true,https://images.ygoprodeck.com/images/cards/14532163.jpg,Assets/Game/Cards/Art/14532163.jpg,true,pending,Staged outside Assets until the 12-card vertical slice passes.,Lightning Storm,
04031928,Mudança de Opinião,official,Carta de Magia,ygoprodeck_interaction,intermediate,,official/c4031928.lua,true,true,https://images.ygoprodeck.com/images/cards/4031928.jpg,Assets/Game/Cards/Art/4031928.jpg,true,pending,Staged outside Assets until the 12-card vertical slice passes.,Change of Heart,
79571449,Caridade Graciosa,official,Carta de Magia,ygoprodeck_interaction,intermediate,,official/c79571449.lua,true,true,https://images.ygoprodeck.com/images/cards/79571449.jpg,Assets/Game/Cards/Art/79571449.jpg,true,pending,Staged outside Assets until the 12-card vertical slice passes.,Graceful Charity,
72302403,Espadas da Luz Reveladora,official,Carta de Magia,ygoprodeck_interaction,trigger,,official/c72302403.lua,true,true,https://images.ygoprodeck.com/images/cards/72302403.jpg,Assets/Game/Cards/Art/72302403.jpg,true,pending,Staged outside Assets until the 12-card vertical slice passes.,Swords of Revealing Light,
19613556,Tempestade Pesada,official,Carta de Magia,ygoprodeck_interaction,intermediate,,official/c19613556.lua,true,true,https://images.ygoprodeck.com/images/cards/19613556.jpg,Assets/Game/Cards/Art/19613556.jpg,true,pending,Staged outside Assets until the 12-card vertical slice passes.,Heavy Storm,
70828912,Enterro Precoce,official,Carta de Magia,ygoprodeck_interaction,trigger,,official/c70828912.lua,true,true,https://images.ygoprodeck.com/images/cards/70828912.jpg,Assets/Game/Cards/Art/70828912.jpg,true,pending,Staged outside Assets until the 12-card vertical slice passes.,Premature Burial,
45986603,Roubo Precipitado,official,Carta de Magia,ygoprodeck_interaction,intermediate,,official/c45986603.lua,true,true,https://images.ygoprodeck.com/images/cards/45986603.jpg,Assets/Game/Cards/Art/45986603.jpg,true,pending,Staged outside Assets until the 12-card vertical slice passes.,Snatch Steal,
83746708,Poder de Mago,official,Carta de Magia,ygoprodeck_interaction,intermediate,,official/c83746708.lua,true,true,https://images.ygoprodeck.com/images/cards/83746708.jpg,Assets/Game/Cards/Art/83746708.jpg,true,pending,Staged outside Assets until the 12-card vertical slice passes.,Mage Power,
25789292,Cálice Proibido,official,Carta de Magia,ygoprodeck_interaction,negation,,official/c25789292.lua,true,true,https://images.ygoprodeck.com/images/cards/25789292.jpg,Assets/Game/Cards/Art/25789292.jpg,true,pending,Staged outside Assets until the 12-card vertical slice passes.,Forbidden Chalice,
08267140,Ciclone Cósmico,official,Carta de Magia,ygoprodeck_interaction,quick,,official/c8267140.lua,true,true,https://images.ygoprodeck.com/images/cards/8267140.jpg,Assets/Game/Cards/Art/8267140.jpg,true,pending,Staged outside Assets until the 12-card vertical slice passes.,Cosmic Cyclone,
24224830,Chamado da Cova,official,Carta de Magia,ygoprodeck_interaction,negation,,official/c24224830.lua,true,true,https://images.ygoprodeck.com/images/cards/24224830.jpg,Assets/Game/Cards/Art/24224830.jpg,true,pending,Staged outside Assets until the 12-card vertical slice passes.,Called by the Grave,
10045474,Impermanência Infinita,official,Carta de Armadilha,ygoprodeck_interaction,negation,,official/c10045474.lua,true,true,https://images.ygoprodeck.com/images/cards/10045474.jpg,Assets/Game/Cards/Art/10045474.jpg,true,pending,Staged outside Assets until the 12-card vertical slice passes.,Infinite Impermanence,
40605147,Golpe Solene,official,Carta de Armadilha,ygoprodeck_interaction,negation,,official/c40605147.lua,true,true,https://images.ygoprodeck.com/images/cards/40605147.jpg,Assets/Game/Cards/Art/40605147.jpg,true,pending,Staged outside Assets until the 12-card vertical slice passes.,Solemn Strike,
84749824,Aviso Solene,official,Carta de Armadilha,ygoprodeck_interaction,negation,,official/c84749824.lua,true,true,https://images.ygoprodeck.com/images/cards/84749824.jpg,Assets/Game/Cards/Art/84749824.jpg,true,pending,Staged outside Assets until the 12-card vertical slice passes.,Solemn Warning,
56120475,Armadura Sakuretsu,official,Carta de Armadilha,ygoprodeck_interaction,trigger,,official/c56120475.lua,true,true,https://images.ygoprodeck.com/images/cards/56120475.jpg,Assets/Game/Cards/Art/56120475.jpg,true,pending,Staged outside Assets until the 12-card vertical slice passes.,Sakuretsu Armor,
70342110,Prisão Dimensional,official,Carta de Armadilha,ygoprodeck_interaction,trigger,,official/c70342110.lua,true,true,https://images.ygoprodeck.com/images/cards/70342110.jpg,Assets/Game/Cards/Art/70342110.jpg,true,pending,Staged outside Assets until the 12-card vertical slice passes.,Dimensional Prison,
51452091,Decreto Real,official,Carta de Armadilha,ygoprodeck_interaction,negation,,official/c51452091.lua,true,true,https://images.ygoprodeck.com/images/cards/51452091.jpg,Assets/Game/Cards/Art/51452091.jpg,true,pending,Staged outside Assets until the 12-card vertical slice passes.,Royal Decree,
30241314,Macro Cosmo,official,Carta de Armadilha,ygoprodeck_interaction,continuous,,official/c30241314.lua,true,true,https://images.ygoprodeck.com/images/cards/30241314.jpg,Assets/Game/Cards/Art/30241314.jpg,true,pending,Staged outside Assets until the 12-card vertical slice passes.,Macro Cosmos,
74701381,Cirurgia ao DNA,official,Carta de Armadilha,ygoprodeck_interaction,continuous,,official/c74701381.lua,true,true,https://images.ygoprodeck.com/images/cards/74701381.jpg,Assets/Game/Cards/Art/74701381.jpg,true,pending,Staged outside Assets until the 12-card vertical slice passes.,DNA Surgery,
44508094,Dragão da Poeira Estelar,official,Monstro Sincro,ygoprodeck_summon_showcase,extra_deck,,official/c44508094.lua,true,true,https://images.ygoprodeck.com/images/cards/44508094.jpg,Assets/Game/Cards/Art/44508094.jpg,true,pending,Staged outside Assets until the 12-card vertical slice passes.,Stardust Dragon,
73580471,Dragão da Rosa Negra,official,Monstro Sincro,ygoprodeck_summon_showcase,extra_deck,,official/c73580471.lua,true,true,https://images.ygoprodeck.com/images/cards/73580471.jpg,Assets/Game/Cards/Art/73580471.jpg,true,pending,Staged outside Assets until the 12-card vertical slice passes.,Black Rose Dragon,
84013237,Número 39: Utopia,official,Monstro Xyz,ygoprodeck_summon_showcase,extra_deck,,official/c84013237.lua,true,true,https://images.ygoprodeck.com/images/cards/84013237.jpg,Assets/Game/Cards/Art/84013237.jpg,true,pending,Staged outside Assets until the 12-card vertical slice passes.,Number 39: Utopia,
01861629,Decodificar Transmissor,official,Monstro Link,ygoprodeck_summon_showcase,extra_deck,,official/c1861629.lua,true,true,https://images.ygoprodeck.com/images/cards/1861629.jpg,Assets/Game/Cards/Art/1861629.jpg,true,pending,Staged outside Assets until the 12-card vertical slice passes.,Decode Talker,
16178681,Dragão Pêndulo de Olhos Anômalos,official,Monstro Pêndulo de Efeito,ygoprodeck_summon_showcase,extra_deck,,official/c16178681.lua,true,true,https://images.ygoprodeck.com/images/cards/16178681.jpg,Assets/Game/Cards/Art/16178681.jpg,true,pending,Staged outside Assets until the 12-card vertical slice passes.,Odd-Eyes Pendulum Dragon,
10000020,Slifer the Sky Dragon,official,Monstro de Efeito,ygoprodeck_yugi_muto_battle_city,exceptional,,official/c10000020.lua,true,true,https://images.ygoprodeck.com/images/cards/10000020.jpg,Assets/Game/Cards/Art/10000020.jpg,true,pending,Imported for the Yugi Muto Battle City deck.,Slifer the Sky Dragon,
99785935,Alpha The Magnet Warrior,official,Monstro Normal,ygoprodeck_yugi_muto_battle_city,simple,,,not_required_no_effect,true,https://images.ygoprodeck.com/images/cards/99785935.jpg,Assets/Game/Cards/Art/99785935.jpg,true,pending,Imported for the Yugi Muto Battle City deck.,Alpha The Magnet Warrior,
39256679,Beta The Magnet Warrior,official,Monstro Normal,ygoprodeck_yugi_muto_battle_city,simple,,,not_required_no_effect,true,https://images.ygoprodeck.com/images/cards/39256679.jpg,Assets/Game/Cards/Art/39256679.jpg,true,pending,Imported for the Yugi Muto Battle City deck.,Beta The Magnet Warrior,
11549357,Gamma The Magnet Warrior,official,Monstro Normal,ygoprodeck_yugi_muto_battle_city,simple,,,not_required_no_effect,true,https://images.ygoprodeck.com/images/cards/11549357.jpg,Assets/Game/Cards/Art/11549357.jpg,true,pending,Imported for the Yugi Muto Battle City deck.,Gamma The Magnet Warrior,
90876561,Jack's Knight,official,Monstro Normal,ygoprodeck_yugi_muto_battle_city,simple,,,not_required_no_effect,true,https://images.ygoprodeck.com/images/cards/90876561.jpg,Assets/Game/Cards/Art/90876561.jpg,true,pending,Imported for the Yugi Muto Battle City deck.,Jack's Knight,
25652259,Queen's Knight,official,Monstro Normal,ygoprodeck_yugi_muto_battle_city,simple,,,not_required_no_effect,true,https://images.ygoprodeck.com/images/cards/25652259.jpg,Assets/Game/Cards/Art/25652259.jpg,true,pending,Imported for the Yugi Muto Battle City deck.,Queen's Knight,
05818798,Gazelle the King of Mythical Beasts,official,Monstro Normal,ygoprodeck_yugi_muto_battle_city,simple,,,not_required_no_effect,true,https://images.ygoprodeck.com/images/cards/5818798.jpg,Assets/Game/Cards/Art/5818798.jpg,true,pending,Imported for the Yugi Muto Battle City deck.,Gazelle the King of Mythical Beasts,
41392891,Feral Imp,official,Monstro Normal,ygoprodeck_yugi_muto_battle_city,simple,,,not_required_no_effect,true,https://images.ygoprodeck.com/images/cards/41392891.jpg,Assets/Game/Cards/Art/41392891.jpg,true,pending,Imported for the Yugi Muto Battle City deck.,Feral Imp,
90357090,Silver Fang,official,Monstro Normal,ygoprodeck_yugi_muto_battle_city,simple,,,not_required_no_effect,true,https://images.ygoprodeck.com/images/cards/90357090.jpg,Assets/Game/Cards/Art/90357090.jpg,true,pending,Imported for the Yugi Muto Battle City deck.,Silver Fang,
75347539,Valkyrion the Magna Warrior,official,Monstro de Efeito,ygoprodeck_yugi_muto_battle_city,exceptional,,official/c75347539.lua,true,true,https://images.ygoprodeck.com/images/cards/75347539.jpg,Assets/Game/Cards/Art/75347539.jpg,true,pending,Imported for the Yugi Muto Battle City deck.,Valkyrion the Magna Warrior,
64788463,King's Knight,official,Monstro de Efeito,ygoprodeck_yugi_muto_battle_city,trigger,,official/c64788463.lua,true,true,https://images.ygoprodeck.com/images/cards/64788463.jpg,Assets/Game/Cards/Art/64788463.jpg,true,pending,Imported for the Yugi Muto Battle City deck.,King's Knight,
77207191,Berfomet,official,Monstro de Efeito,ygoprodeck_yugi_muto_battle_city,trigger,,official/c77207191.lua,true,true,https://images.ygoprodeck.com/images/cards/77207191.jpg,Assets/Game/Cards/Art/77207191.jpg,true,pending,Imported for the Yugi Muto Battle City deck.,Berfomet,
65240384,Big Shield Gardna,official,Monstro de Efeito,ygoprodeck_yugi_muto_battle_city,trigger,,official/c65240384.lua,true,true,https://images.ygoprodeck.com/images/cards/65240384.jpg,Assets/Game/Cards/Art/65240384.jpg,true,pending,Imported for the Yugi Muto Battle City deck.,Big Shield Gardna,
34124316,Cyber Jar,official,Monstro de Efeito de Virar,ygoprodeck_yugi_muto_battle_city,trigger,,official/c34124316.lua,true,true,https://images.ygoprodeck.com/images/cards/34124316.jpg,Assets/Game/Cards/Art/34124316.jpg,true,pending,Imported for the Yugi Muto Battle City deck.,Cyber Jar,
50287060,Archfiend of Gilfer,official,Monstro de Efeito,ygoprodeck_yugi_muto_battle_city,trigger,,official/c50287060.lua,true,true,https://images.ygoprodeck.com/images/cards/50287060.jpg,Assets/Game/Cards/Art/50287060.jpg,true,pending,Imported for the Yugi Muto Battle City deck.,Archfiend of Gilfer,
34710660,Electromagnetic Turtle,official,Monstro de Efeito,ygoprodeck_yugi_muto_battle_city,quick,,official/c34710660.lua,true,true,https://images.ygoprodeck.com/images/cards/34710660.jpg,Assets/Game/Cards/Art/34710660.jpg,true,pending,Imported for the Yugi Muto Battle City deck.,Electromagnetic Turtle,
87910978,Brain Control,official,Carta de Magia,ygoprodeck_yugi_muto_battle_city,intermediate,,official/c87910978.lua,true,true,https://images.ygoprodeck.com/images/cards/87910978.jpg,Assets/Game/Cards/Art/87910978.jpg,true,pending,Imported for the Yugi Muto Battle City deck.,Brain Control,
05556668,Exchange,official,Carta de Magia,ygoprodeck_yugi_muto_battle_city,intermediate,,official/c5556668.lua,true,true,https://images.ygoprodeck.com/images/cards/5556668.jpg,Assets/Game/Cards/Art/5556668.jpg,true,pending,Imported for the Yugi Muto Battle City deck.,Exchange,
81510157,Soul Taker,official,Carta de Magia,ygoprodeck_yugi_muto_battle_city,intermediate,,official/c81510157.lua,true,true,https://images.ygoprodeck.com/images/cards/81510157.jpg,Assets/Game/Cards/Art/81510157.jpg,true,pending,Imported for the Yugi Muto Battle City deck.,Soul Taker,
24096228,Double Spell,official,Carta de Magia,ygoprodeck_yugi_muto_battle_city,intermediate,,official/c24096228.lua,true,true,https://images.ygoprodeck.com/images/cards/24096228.jpg,Assets/Game/Cards/Art/24096228.jpg,true,pending,Imported for the Yugi Muto Battle City deck.,Double Spell,
72892473,Card Destruction,official,Carta de Magia,ygoprodeck_yugi_muto_battle_city,intermediate,,official/c72892473.lua,true,true,https://images.ygoprodeck.com/images/cards/72892473.jpg,Assets/Game/Cards/Art/72892473.jpg,true,pending,Imported for the Yugi Muto Battle City deck.,Card Destruction,
49587034,Lightforce Sword,official,Carta de Armadilha,ygoprodeck_yugi_muto_battle_city,trap,,official/c49587034.lua,true,true,https://images.ygoprodeck.com/images/cards/49587034.jpg,Assets/Game/Cards/Art/49587034.jpg,true,pending,Imported for the Yugi Muto Battle City deck.,Lightforce Sword,
77414722,Magic Jammer,official,Carta de Armadilha,ygoprodeck_yugi_muto_battle_city,negation,,official/c77414722.lua,true,true,https://images.ygoprodeck.com/images/cards/77414722.jpg,Assets/Game/Cards/Art/77414722.jpg,true,pending,Imported for the Yugi Muto Battle City deck.,Magic Jammer,
37383714,Soul Rope,official,Carta de Armadilha,ygoprodeck_yugi_muto_battle_city,trigger,,official/c37383714.lua,true,true,https://images.ygoprodeck.com/images/cards/37383714.jpg,Assets/Game/Cards/Art/37383714.jpg,true,pending,Imported for the Yugi Muto Battle City deck.,Soul Rope,
03819470,Seven Tools of the Bandit,official,Carta de Armadilha,ygoprodeck_yugi_muto_battle_city,negation,,official/c3819470.lua,true,true,https://images.ygoprodeck.com/images/cards/3819470.jpg,Assets/Game/Cards/Art/3819470.jpg,true,pending,Imported for the Yugi Muto Battle City deck.,Seven Tools of the Bandit,
18807109,Spellbinding Circle,official,Carta de Armadilha,ygoprodeck_yugi_muto_battle_city,continuous,,official/c18807108.lua,via_alias,true,https://images.ygoprodeck.com/images/cards/18807109.jpg,Assets/Game/Cards/Art/18807109.jpg,true,pending,Imported for the Yugi Muto Battle City deck.,Spellbinding Circle,18807108
60082869,Dust Tornado,official,Carta de Armadilha,ygoprodeck_yugi_muto_battle_city,trap,,official/c60082869.lua,true,true,https://images.ygoprodeck.com/images/cards/60082869.jpg,Assets/Game/Cards/Art/60082869.jpg,true,pending,Imported for the Yugi Muto Battle City deck.,Dust Tornado,
98502113,Dark Paladin,official,Monstro de Fusão,ygoprodeck_yugi_muto_battle_city,extra_deck,,official/c98502113.lua,true,true,https://images.ygoprodeck.com/images/cards/98502113.jpg,Assets/Game/Cards/Art/98502113.jpg,true,pending,Presentation added for the Yugi Muto Battle City deck.,Dark Paladin,
04796100,Chimera the Flying Mythical Beast,official,Monstro de Fusão,ygoprodeck_yugi_muto_battle_city,extra_deck,,official/c4796100.lua,true,true,https://images.ygoprodeck.com/images/cards/4796100.jpg,Assets/Game/Cards/Art/4796100.jpg,true,pending,Imported for the Yugi Muto Battle City deck.,Chimera the Flying Mythical Beast,
19771459,Caverguerra Gactos,official,Monstro de Efeito,casual_pdf_war_rock,trigger,,official/c19771459.lua,true,true,https://images.ygoprodeck.com/images/cards/19771459.jpg,Assets/Game/Cards/Art/19771459.jpg,true,pending,Primeiro trio solicitado no deck casual Caverguerra.,War Rock Gactos,
47504322,Caverguerra Wento,official,Monstro de Efeito,casual_pdf_war_rock,quick_effect,,official/c47504322.lua,true,true,https://images.ygoprodeck.com/images/cards/47504322.jpg,Assets/Game/Cards/Art/47504322.jpg,true,pending,Primeiro trio solicitado no deck casual Caverguerra.,War Rock Wento,
83286340,Caverguerra Fortia,official,Monstro de Efeito,casual_pdf_war_rock,trigger_effect,,official/c83286340.lua,true,true,https://images.ygoprodeck.com/images/cards/83286340.jpg,Assets/Game/Cards/Art/83286340.jpg,true,pending,Primeiro trio solicitado no deck casual Caverguerra.,War Rock Fortia,
45536531,Coelho Negro Divertido,official,Monstro de Efeito,ygoprodeck_toon_test,effect,,official/c45536531.lua,true,true,https://images.ygoprodeck.com/images/cards/45536531.jpg,Assets/Game/Cards/Art/45536531.jpg,true,pending,Imported for the Toon Test deck.,Coelho Negro Divertido,
07293697,"Mundo Toon, o Mundo Perfeito",official,Carta de Magia,ygoprodeck_toon_test,effect,,official/c7293697.lua,true,true,https://images.ygoprodeck.com/images/cards/7293697.jpg,Assets/Game/Cards/Art/7293697.jpg,true,pending,Imported for the Toon Test deck.,"Mundo Toon, o Mundo Perfeito",
91500017,Marca-Páginas Toon,official,Carta de Magia,ygoprodeck_toon_test,effect,,official/c91500017.lua,true,true,https://images.ygoprodeck.com/images/cards/91500017.jpg,Assets/Game/Cards/Art/91500017.jpg,true,pending,Imported for the Toon Test deck.,Marca-Páginas Toon,
89997728,Índice Toon,official,Carta de Magia,ygoprodeck_toon_test,effect,,official/c89997728.lua,true,true,https://images.ygoprodeck.com/images/cards/89997728.jpg,Assets/Game/Cards/Art/89997728.jpg,true,pending,Imported for the Toon Test deck.,Índice Toon,
08915275,Caixa Maligna,official,Monstro de Efeito,ygoprodeck_toon_test,effect,,official/c8915275.lua,true,true,https://images.ygoprodeck.com/images/cards/8915275.jpg,Assets/Game/Cards/Art/8915275.jpg,true,pending,Imported for the Toon Test deck.,Caixa Maligna,
72921536,Gato dos Quadrinhos,official,Monstro de Efeito,ygoprodeck_toon_test,effect,,official/c72921536.lua,true,true,https://images.ygoprodeck.com/images/cards/72921536.jpg,Assets/Game/Cards/Art/72921536.jpg,true,pending,Imported for the Toon Test deck.,Gato dos Quadrinhos,
53183600,Dragão Toon de Olhos Azuis,official,Monstro de Efeito,ygoprodeck_toon_test,effect,,official/c53183600.lua,true,true,https://images.ygoprodeck.com/images/cards/53183600.jpg,Assets/Game/Cards/Art/53183600.jpg,true,pending,Imported for the Toon Test deck.,Dragão Toon de Olhos Azuis,
21296502,Mago Negro Toon,official,Monstro de Efeito,ygoprodeck_toon_test,effect,,official/c21296502.lua,true,true,https://images.ygoprodeck.com/images/cards/21296502.jpg,Assets/Game/Cards/Art/21296502.jpg,true,pending,Imported for the Toon Test deck.,Mago Negro Toon,
65458948,Sereia Toon,official,Monstro de Efeito,ygoprodeck_toon_test,effect,,official/c65458948.lua,true,true,https://images.ygoprodeck.com/images/cards/65458948.jpg,Assets/Game/Cards/Art/65458948.jpg,true,pending,Imported for the Toon Test deck.,Sereia Toon,
34314989,Mago Sem Rosto Ilusionista de Olhos Negros,official,Monstro de Efeito,ygoprodeck_toon_test,effect,,official/c34314989.lua,true,true,https://images.ygoprodeck.com/images/cards/34314989.jpg,Assets/Game/Cards/Art/34314989.jpg,true,pending,Imported for the Toon Test deck.,Mago Sem Rosto Ilusionista de Olhos Negros,
40366667,Impulso Dominus,official,Carta de Armadilha,ygoprodeck_toon_test,effect,,official/c40366667.lua,true,true,https://images.ygoprodeck.com/images/cards/40366667.jpg,Assets/Game/Cards/Art/40366667.jpg,true,pending,Imported for the Toon Test deck.,Impulso Dominus,
65681983,Designador de Crossout,official,Carta de Magia,ygoprodeck_toon_test,quick_play_spell,,official/c65681983.lua,true,true,https://images.ygoprodeck.com/images/cards/65681983.jpg,Assets/Game/Cards/Art/65681983.jpg,true,pending,Imported for the Toon Test deck.,Designador de Crossout,
34298391,Varredura Mental,official,Carta de Armadilha,ygoprodeck_toon_test,counter_trap,,official/c34298391.lua,true,true,https://images.ygoprodeck.com/images/cards/34298391.jpg,Assets/Game/Cards/Art/34298391.jpg,true,pending,Imported for the Toon Test deck.,Varredura Mental,
78114463,Acusação Solene,official,Carta de Armadilha,ygoprodeck_toon_test,effect,,official/c78114463.lua,true,true,https://images.ygoprodeck.com/images/cards/78114463.jpg,Assets/Game/Cards/Art/78114463.jpg,true,pending,Imported for the Toon Test deck.,Acusação Solene,
53094821,Terror Toon,official,Carta de Armadilha,ygoprodeck_toon_test,effect,,official/c53094821.lua,true,true,https://images.ygoprodeck.com/images/cards/53094821.jpg,Assets/Game/Cards/Art/53094821.jpg,true,pending,Imported for the Toon Test deck.,Terror Toon,
06325660,Faísca Dominus,official,Carta de Armadilha,ygoprodeck_toon_test,effect,,official/c6325660.lua,true,true,https://images.ygoprodeck.com/images/cards/6325660.jpg,Assets/Game/Cards/Art/6325660.jpg,true,pending,Imported for the Toon Test deck.,Faísca Dominus,
46565218,Papai Doeu,official,Monstro de Efeito,ygoprodeck_toon_test,effect,,official/c46565218.lua,true,true,https://images.ygoprodeck.com/images/cards/46565218.jpg,Assets/Game/Cards/Art/46565218.jpg,true,pending,Imported for the Toon Test deck.,Papai Doeu,
05832914,Maleta Toon,official,Carta de Armadilha,ygoprodeck_toon_test,effect,,official/c5832914.lua,true,true,https://images.ygoprodeck.com/images/cards/5832914.jpg,Assets/Game/Cards/Art/5832914.jpg,true,pending,Imported for the Toon Test deck.,Maleta Toon,
71808988,Dragão Toon Definitivo de Olhos Azuis,official,Monstro de Fusão,ygoprodeck_toon_test,effect,,official/c71808988.lua,true,true,https://images.ygoprodeck.com/images/cards/71808988.jpg,Assets/Game/Cards/Art/71808988.jpg,true,pending,Imported for the Toon Test deck.,Dragão Toon Definitivo de Olhos Azuis,
66011101,"Número 60: Dugares, o Atemporal",official,Monstro Xyz,ygoprodeck_toon_test,effect,,official/c66011101.lua,true,true,https://images.ygoprodeck.com/images/cards/66011101.jpg,Assets/Game/Cards/Art/66011101.jpg,true,pending,Imported for the Toon Test deck.,"Número 60: Dugares, o Atemporal",
50277355,Ponto-ovelha,official,Monstro Link,ygoprodeck_toon_test,effect,,official/c50277355.lua,true,true,https://images.ygoprodeck.com/images/cards/50277355.jpg,Assets/Game/Cards/Art/50277355.jpg,true,pending,Imported for the Toon Test deck.,Ponto-ovelha,
53904087,"Rahamu, Enviado do Tomo Sagrado",official,Monstro Link,ygoprodeck_toon_test,effect,,official/c53904087.lua,true,true,https://images.ygoprodeck.com/images/cards/53904087.jpg,Assets/Game/Cards/Art/53904087.jpg,true,pending,Imported for the Toon Test deck.,"Rahamu, Enviado do Tomo Sagrado",
27519978,Quarteto de Encantadoras em Flor,official,Monstro Link,ygoprodeck_toon_test,effect,,official/c27519978.lua,true,true,https://images.ygoprodeck.com/images/cards/27519978.jpg,Assets/Game/Cards/Art/27519978.jpg,true,pending,Imported for the Toon Test deck.,Quarteto de Encantadoras em Flor,
24842059,Linguriboh,official,Monstro Link,ygoprodeck_toon_test,effect,,official/c24842059.lua,true,true,https://images.ygoprodeck.com/images/cards/24842059.jpg,Assets/Game/Cards/Art/24842059.jpg,true,pending,Imported for the Toon Test deck.,Linguriboh,
58036229,Transmissor de Código Protetor,official,Monstro Link,ygoprodeck_toon_test,effect,,official/c58036229.lua,true,true,https://images.ygoprodeck.com/images/cards/58036229.jpg,Assets/Game/Cards/Art/58036229.jpg,true,pending,Imported for the Toon Test deck.,Transmissor de Código Protetor,
05043010,Dragão Firewall,official,Monstro Link,ygoprodeck_toon_test,effect,,official/c5043010.lua,true,true,https://images.ygoprodeck.com/images/cards/5043010.jpg,Assets/Game/Cards/Art/5043010.jpg,true,pending,Imported for the Toon Test deck.,Dragão Firewall,
45112597,Dragão do Mar Mundial Zealantis,official,Monstro Link,ygoprodeck_toon_test,effect,,official/c45112597.lua,true,true,https://images.ygoprodeck.com/images/cards/45112597.jpg,Assets/Game/Cards/Art/45112597.jpg,true,pending,Imported for the Toon Test deck.,Dragão do Mar Mundial Zealantis,
07594154,Donzelas Bonecas Enganadoras de Zenna,official,Monstro Link,ygoprodeck_toon_test,effect,,official/c7594154.lua,true,true,https://images.ygoprodeck.com/images/cards/7594154.jpg,Assets/Game/Cards/Art/7594154.jpg,true,pending,Imported for the Toon Test deck.,Donzelas Bonecas Enganadoras de Zenna,
92422871,Desavewurm Ciberso,official,Monstro de Fusão,ygoprodeck_toon_test,effect,,official/c92422871.lua,true,true,https://images.ygoprodeck.com/images/cards/92422871.jpg,Assets/Game/Cards/Art/92422871.jpg,true,pending,Imported for the Toon Test deck.,Desavewurm Ciberso,
13203964,Dragão Hydradrive Perfeitron,official,Monstro Link,ygoprodeck_toon_test,effect,,official/c13203964.lua,true,true,https://images.ygoprodeck.com/images/cards/13203964.jpg,Assets/Game/Cards/Art/13203964.jpg,true,pending,Imported for the Toon Test deck.,Dragão Hydradrive Perfeitron,
59400890,Mago Negro da Destruição,official,Monstro de Fusão,ygoprodeck_toon_test,effect,,official/c59400890.lua,true,true,https://images.ygoprodeck.com/images/cards/59400890.jpg,Assets/Game/Cards/Art/59400890.jpg,true,pending,Imported for the Toon Test deck.,Mago Negro da Destruição,
03486020,"Yoko, a Mayakashi Elegante",official,Monstro Sincro,ygoprodeck_shiranui_supremacy,extra_deck,,official/c3486020.lua,true,true,https://images.ygoprodeck.com/images/cards/3486020.jpg,Assets/Game/Cards/Art/3486020.jpg,true,pending,Imported for the Shiranui Supremacy deck.,"Yoko, a Mayakashi Elegante",
04103668,"Tengu, o Mayakashi Alado",official,Monstro Sincro,ygoprodeck_shiranui_supremacy,extra_deck,,official/c4103668.lua,true,true,https://images.ygoprodeck.com/images/cards/4103668.jpg,Assets/Game/Cards/Art/4103668.jpg,true,pending,Imported for the Shiranui Supremacy deck.,"Tengu, o Mayakashi Alado",
05177985,Shiranui Mestre da Espada,official,Monstro de Efeito,ygoprodeck_shiranui_supremacy,trigger_effect,,official/c5177985.lua,true,true,https://images.ygoprodeck.com/images/cards/5177985.jpg,Assets/Game/Cards/Art/5177985.jpg,true,pending,Imported for the Shiranui Supremacy deck.,Shiranui Mestre da Espada,
05325155,"Tsukahagi, o Mayakashi Venenoso",official,Monstro de Efeito,ygoprodeck_shiranui_supremacy,trigger_effect,,official/c5325155.lua,true,true,https://images.ygoprodeck.com/images/cards/5325155.jpg,Assets/Game/Cards/Art/5325155.jpg,true,pending,Imported for the Shiranui Supremacy deck.,"Tsukahagi, o Mayakashi Venenoso",
12612470,Procissão do Jarro de Chá,official,Monstro de Efeito,ygoprodeck_shiranui_supremacy,trigger_effect,,official/c12612470.lua,true,true,https://images.ygoprodeck.com/images/cards/12612470.jpg,Assets/Game/Cards/Art/12612470.jpg,true,pending,Imported for the Shiranui Supremacy deck.,Procissão do Jarro de Chá,
23116808,"Goka, o Piro da Malícia",official,Monstro de Efeito,ygoprodeck_shiranui_supremacy,trigger_effect,,official/c23116808.lua,true,true,https://images.ygoprodeck.com/images/cards/23116808.jpg,Assets/Game/Cards/Art/23116808.jpg,true,pending,Imported for the Shiranui Supremacy deck.,"Goka, o Piro da Malícia",
26326541,Shiranui Espadasaga,official,Monstro Sincro,ygoprodeck_shiranui_supremacy,extra_deck,,official/c26326541.lua,true,true,https://images.ygoprodeck.com/images/cards/26326541.jpg,Assets/Game/Cards/Art/26326541.jpg,true,pending,Imported for the Shiranui Supremacy deck.,Shiranui Espadasaga,
27198001,Raposa de Nove Caudas,official,Monstro de Efeito,ygoprodeck_shiranui_supremacy,trigger_effect,,official/c27198001.lua,true,true,https://images.ygoprodeck.com/images/cards/27198001.jpg,Assets/Game/Cards/Art/27198001.jpg,true,pending,Imported for the Shiranui Supremacy deck.,Raposa de Nove Caudas,
30607616,"Oboro-Guruma, o Mayakashi com Rodas",official,Monstro Sincro,ygoprodeck_shiranui_supremacy,extra_deck,,official/c30607616.lua,true,true,https://images.ygoprodeck.com/images/cards/30607616.jpg,Assets/Game/Cards/Art/30607616.jpg,true,pending,Imported for the Shiranui Supremacy deck.,"Oboro-Guruma, o Mayakashi com Rodas",
30888983,A Seleção,official,Carta de Armadilha,ygoprodeck_shiranui_supremacy,counter_trap,,official/c30888983.lua,true,true,https://images.ygoprodeck.com/images/cards/30888983.jpg,Assets/Game/Cards/Art/30888983.jpg,true,pending,Imported for the Shiranui Supremacy deck.,A Seleção,
32120116,Julgamento de Enma,official,Carta de Armadilha,ygoprodeck_shiranui_supremacy,trap,,official/c32120116.lua,true,true,https://images.ygoprodeck.com/images/cards/32120116.jpg,Assets/Game/Cards/Art/32120116.jpg,true,pending,Imported for the Shiranui Supremacy deck.,Julgamento de Enma,
33420078,Zumbi Espalha-praga,official,Monstro de Efeito,ygoprodeck_shiranui_supremacy,trigger_effect,,official/c33420078.lua,true,true,https://images.ygoprodeck.com/images/cards/33420078.jpg,Assets/Game/Cards/Art/33420078.jpg,true,pending,Imported for the Shiranui Supremacy deck.,Zumbi Espalha-praga,
39753577,Metamorfose dos Mayakashi,official,Carta de Armadilha,ygoprodeck_shiranui_supremacy,trap,,official/c39753577.lua,true,true,https://images.ygoprodeck.com/images/cards/39753577.jpg,Assets/Game/Cards/Art/39753577.jpg,true,pending,Imported for the Shiranui Supremacy deck.,Metamorfose dos Mayakashi,
40364916,Solenidade do Estilo Shiranui,official,Carta de Magia,ygoprodeck_shiranui_supremacy,continuous,,official/c40364916.lua,true,true,https://images.ygoprodeck.com/images/cards/40364916.jpg,Assets/Game/Cards/Art/40364916.jpg,true,pending,Imported for the Shiranui Supremacy deck.,Solenidade do Estilo Shiranui,
41562624,Shiranui Escudeiro,official,Monstro de Efeito,ygoprodeck_shiranui_supremacy,trigger_effect,,official/c41562624.lua,true,true,https://images.ygoprodeck.com/images/cards/41562624.jpg,Assets/Game/Cards/Art/41562624.jpg,true,pending,Imported for the Shiranui Supremacy deck.,Shiranui Escudeiro,
41867019,Perturbação Mayakashi,official,Carta de Armadilha,ygoprodeck_shiranui_supremacy,continuous,,official/c41867019.lua,true,true,https://images.ygoprodeck.com/images/cards/41867019.jpg,Assets/Game/Cards/Art/41867019.jpg,true,pending,Imported for the Shiranui Supremacy deck.,Perturbação Mayakashi,
52467217,Gozuki,official,Monstro de Efeito,ygoprodeck_shiranui_supremacy,trigger_effect,,official/c52467217.lua,true,true,https://images.ygoprodeck.com/images/cards/52467217.jpg,Assets/Game/Cards/Art/52467217.jpg,true,pending,Imported for the Shiranui Supremacy deck.,Gozuki,
52615248,Progleo,official,Monstro Link,ygoprodeck_shiranui_supremacy,extra_deck,,official/c52615248.lua,true,true,https://images.ygoprodeck.com/images/cards/52615248.jpg,Assets/Game/Cards/Art/52615248.jpg,true,pending,Imported for the Shiranui Supremacy deck.,Progleo,
52711246,Shiranui Escudeirosaga,official,Monstro Sincro,ygoprodeck_shiranui_supremacy,extra_deck,,official/c52711246.lua,true,true,https://images.ygoprodeck.com/images/cards/52711246.jpg,Assets/Game/Cards/Art/52711246.jpg,true,pending,Imported for the Shiranui Supremacy deck.,Shiranui Escudeirosaga,
56198785,Guarda Fantasma,official,Monstro de Efeito,ygoprodeck_shiranui_supremacy,trigger_effect,,official/c56198785.lua,true,true,https://images.ygoprodeck.com/images/cards/56198785.jpg,Assets/Game/Cards/Art/56198785.jpg,true,pending,Imported for the Shiranui Supremacy deck.,Guarda Fantasma,
59843383,Shiranui Solsaga,official,Monstro Sincro,ygoprodeck_shiranui_supremacy,extra_deck,,official/c59843383.lua,true,true,https://images.ygoprodeck.com/images/cards/59843383.jpg,Assets/Game/Cards/Art/59843383.jpg,true,pending,Imported for the Shiranui Supremacy deck.,Shiranui Solsaga,
65422840,Shutendoji,official,Monstro de Efeito,ygoprodeck_shiranui_supremacy,trigger_effect,,official/c65422840.lua,true,true,https://images.ygoprodeck.com/images/cards/65422840.jpg,Assets/Game/Cards/Art/65422840.jpg,true,pending,Imported for the Shiranui Supremacy deck.,Shutendoji,
68722455,Ogro Vermelho,official,Monstro de Efeito,ygoprodeck_shiranui_supremacy,trigger_effect,,official/c68722455.lua,true,true,https://images.ygoprodeck.com/images/cards/68722455.jpg,Assets/Game/Cards/Art/68722455.jpg,true,pending,Imported for the Shiranui Supremacy deck.,Ogro Vermelho,
68989981,Caveira Samurai,official,Monstro de Efeito,ygoprodeck_shiranui_supremacy,trigger_effect,,official/c68989981.lua,true,true,https://images.ygoprodeck.com/images/cards/68989981.jpg,Assets/Game/Cards/Art/68989981.jpg,true,pending,Imported for the Shiranui Supremacy deck.,Caveira Samurai,
72700231,"Yuki-Musume, a Mayakashi de Gelo",official,Monstro de Efeito,ygoprodeck_shiranui_supremacy,trigger_effect,,official/c72700231.lua,true,true,https://images.ygoprodeck.com/images/cards/72700231.jpg,Assets/Game/Cards/Art/72700231.jpg,true,pending,Imported for the Shiranui Supremacy deck.,"Yuki-Musume, a Mayakashi de Gelo",
74003290,Vento Perdido,official,Carta de Armadilha,ygoprodeck_shiranui_supremacy,trap,,official/c74003290.lua,true,true,https://images.ygoprodeck.com/images/cards/74003290.jpg,Assets/Game/Cards/Art/74003290.jpg,true,pending,Imported for the Shiranui Supremacy deck.,Vento Perdido,
74798297,Sucesso do Estilo Shiranui,official,Carta de Armadilha,ygoprodeck_shiranui_supremacy,trap,,official/c74798297.lua,true,true,https://images.ygoprodeck.com/images/cards/74798297.jpg,Assets/Game/Cards/Art/74798297.jpg,true,pending,Imported for the Shiranui Supremacy deck.,Sucesso do Estilo Shiranui,
77092311,"Tsuchigumo, o Mayakashi Venenoso",official,Monstro Sincro,ygoprodeck_shiranui_supremacy,extra_deck,,official/c77092311.lua,true,true,https://images.ygoprodeck.com/images/cards/77092311.jpg,Assets/Game/Cards/Art/77092311.jpg,true,pending,Imported for the Shiranui Supremacy deck.,"Tsuchigumo, o Mayakashi Venenoso",
78936551,"Shafu, o Mayakashi com Rodas",official,Monstro de Efeito,ygoprodeck_shiranui_supremacy,trigger_effect,,official/c78936551.lua,true,true,https://images.ygoprodeck.com/images/cards/78936551.jpg,Assets/Game/Cards/Art/78936551.jpg,true,pending,Imported for the Shiranui Supremacy deck.,"Shafu, o Mayakashi com Rodas",
79783880,Shiranui Espada Espectral Sombria,official,Monstro de Efeito,ygoprodeck_shiranui_supremacy,trigger_effect,,official/c79783880.lua,true,true,https://images.ygoprodeck.com/images/cards/79783880.jpg,Assets/Game/Cards/Art/79783880.jpg,true,pending,Imported for the Shiranui Supremacy deck.,Shiranui Espada Espectral Sombria,
83266006,Fantasma Encontra Garota - Um Manuscrito Mayakashi,official,Carta de Magia,ygoprodeck_shiranui_supremacy,quick_play_spell,,official/c83266006.lua,true,true,https://images.ygoprodeck.com/images/cards/83266006.jpg,Assets/Game/Cards/Art/83266006.jpg,true,pending,Imported for the Shiranui Supremacy deck.,Fantasma Encontra Garota - Um Manuscrito Mayakashi,
86926989,Supremacia Shiranui Destrezasaga,official,Monstro Link,ygoprodeck_shiranui_supremacy,extra_deck,,official/c86926989.lua,true,true,https://images.ygoprodeck.com/images/cards/86926989.jpg,Assets/Game/Cards/Art/86926989.jpg,true,pending,Imported for the Shiranui Supremacy deck.,Supremacia Shiranui Destrezasaga,
01475311,Fascinação das Trevas,official,Carta de Magia,ygoprodeck_mausoleum_lockdown_edison,effect,,official/c1475311.lua,true,true,https://images.ygoprodeck.com/images/cards/1475311.jpg,Assets/Game/Cards/Art/1475311.jpg,true,pending,Imported for the Mausoleum Lockdown Edison deck.,Fascinação das Trevas,
05556499,Fortaleza Autômata,official,Monstro de Efeito,ygoprodeck_mausoleum_lockdown_edison,trigger_effect,,official/c5556499.lua,true,true,https://images.ygoprodeck.com/images/cards/5556499.jpg,Assets/Game/Cards/Art/5556499.jpg,true,pending,Imported for the Mausoleum Lockdown Edison deck.,Fortaleza Autômata,
07391448,Guardião Goyo,official,Monstro Sincro,ygoprodeck_mausoleum_lockdown_edison,extra_deck,,official/c7391448.lua,true,true,https://images.ygoprodeck.com/images/cards/7391448.jpg,Assets/Game/Cards/Art/7391448.jpg,true,pending,Imported for the Mausoleum Lockdown Edison deck.,Guardião Goyo,
12298909,Dragão de Matéria Primitiva,official,Monstro de Efeito,ygoprodeck_mausoleum_lockdown_edison,quick_effect,,official/c12298909.lua,true,true,https://images.ygoprodeck.com/images/cards/12298909.jpg,Assets/Game/Cards/Art/12298909.jpg,true,pending,Imported for the Mausoleum Lockdown Edison deck.,Dragão de Matéria Primitiva,
19974580,Dragão da Corrente de Malha de Ferro,official,Monstro Sincro,ygoprodeck_mausoleum_lockdown_edison,extra_deck,,official/c19974580.lua,true,true,https://images.ygoprodeck.com/images/cards/19974580.jpg,Assets/Game/Cards/Art/19974580.jpg,true,pending,Imported for the Mausoleum Lockdown Edison deck.,Dragão da Corrente de Malha de Ferro,
23693634,Lutador Colossal,official,Monstro Sincro,ygoprodeck_mausoleum_lockdown_edison,extra_deck,,official/c23693634.lua,true,true,https://images.ygoprodeck.com/images/cards/23693634.jpg,Assets/Game/Cards/Art/23693634.jpg,true,pending,Imported for the Mausoleum Lockdown Edison deck.,Lutador Colossal,
24317029,Espião do Coveiro,official,Monstro de Efeito,ygoprodeck_mausoleum_lockdown_edison,flip_effect,,official/c24317029.lua,true,true,https://images.ygoprodeck.com/images/cards/24317029.jpg,Assets/Game/Cards/Art/24317029.jpg,true,pending,Imported for the Mausoleum Lockdown Edison deck.,Espião do Coveiro,
26593852,"Catastor, Aliado da Justiça",official,Monstro Sincro,ygoprodeck_mausoleum_lockdown_edison,extra_deck,,official/c26593852.lua,true,true,https://images.ygoprodeck.com/images/cards/26593852.jpg,Assets/Game/Cards/Art/26593852.jpg,true,pending,Imported for the Mausoleum Lockdown Edison deck.,"Catastor, Aliado da Justiça",
37694547,Vila Mecânica,official,Carta de Magia,ygoprodeck_mausoleum_lockdown_edison,field_spell,,official/c37694547.lua,true,true,https://images.ygoprodeck.com/images/cards/37694547.jpg,Assets/Game/Cards/Art/37694547.jpg,true,pending,Imported for the Mausoleum Lockdown Edison deck.,Vila Mecânica,
47084486,Demônio da Vaidade,official,Monstro de Efeito,ygoprodeck_mausoleum_lockdown_edison,continuous,,official/c47084486.lua,true,true,https://images.ygoprodeck.com/images/cards/47084486.jpg,Assets/Game/Cards/Art/47084486.jpg,true,pending,Imported for the Mausoleum Lockdown Edison deck.,Demônio da Vaidade,
47297616,Dragão da Luz e das Trevas,official,Monstro de Efeito,ygoprodeck_mausoleum_lockdown_edison,quick_effect,,official/c47297616.lua,true,true,https://images.ygoprodeck.com/images/cards/47297616.jpg,Assets/Game/Cards/Art/47297616.jpg,true,pending,Imported for the Mausoleum Lockdown Edison deck.,Dragão da Luz e das Trevas,
50321796,"Brionac, o Dragão da Barreira de Gelo",official,Monstro Sincro,ygoprodeck_mausoleum_lockdown_edison,extra_deck,,official/c50321796.lua,true,true,https://images.ygoprodeck.com/images/cards/50321796.jpg,Assets/Game/Cards/Art/50321796.jpg,true,pending,Imported for the Mausoleum Lockdown Edison deck.,"Brionac, o Dragão da Barreira de Gelo",
50933533,Dragão Gadjiltron do Mecanismo Antigo,official,Monstro de Efeito,ygoprodeck_mausoleum_lockdown_edison,trigger_effect,,official/c50933533.lua,true,true,https://images.ygoprodeck.com/images/cards/50933533.jpg,Assets/Game/Cards/Art/50933533.jpg,true,pending,Imported for the Mausoleum Lockdown Edison deck.,Dragão Gadjiltron do Mecanismo Antigo,
53714009,Flamvell Uruquizas,official,Monstro Sincro,ygoprodeck_mausoleum_lockdown_edison,extra_deck,,official/c53714009.lua,true,true,https://images.ygoprodeck.com/images/cards/53714009.jpg,Assets/Game/Cards/Art/53714009.jpg,true,pending,Imported for the Mausoleum Lockdown Edison deck.,Flamvell Uruquizas,
63101919,Mago da Tempestade,official,Monstro Sincro,ygoprodeck_mausoleum_lockdown_edison,extra_deck,,official/c63101919.lua,true,true,https://images.ygoprodeck.com/images/cards/63101919.jpg,Assets/Game/Cards/Art/63101919.jpg,true,pending,Imported for the Mausoleum Lockdown Edison deck.,Mago da Tempestade,
70780151,Arquidemônio Senhor dos Pensamentos,official,Monstro Sincro,ygoprodeck_mausoleum_lockdown_edison,extra_deck,,official/c70780151.lua,true,true,https://images.ygoprodeck.com/images/cards/70780151.jpg,Assets/Game/Cards/Art/70780151.jpg,true,pending,Imported for the Mausoleum Lockdown Edison deck.,Arquidemônio Senhor dos Pensamentos,
70902743,Dragão Vermelho Arquidemônio,official,Monstro Sincro,ygoprodeck_mausoleum_lockdown_edison,extra_deck,,official/c70902743.lua,true,true,https://images.ygoprodeck.com/images/cards/70902743.jpg,Assets/Game/Cards/Art/70902743.jpg,true,pending,Imported for the Mausoleum Lockdown Edison deck.,Dragão Vermelho Arquidemônio,
79229522,Dragão Fortaleza Quimeratech,official,Monstro de Fusão,ygoprodeck_mausoleum_lockdown_edison,extra_deck,,official/c79229522.lua,true,true,https://images.ygoprodeck.com/images/cards/79229522.jpg,Assets/Game/Cards/Art/79229522.jpg,true,pending,Imported for the Mausoleum Lockdown Edison deck.,Dragão Fortaleza Quimeratech,
80921533,Mausoléu do Imperador,official,Carta de Magia,ygoprodeck_mausoleum_lockdown_edison,field_spell,,official/c80921533.lua,true,true,https://images.ygoprodeck.com/images/cards/80921533.jpg,Assets/Game/Cards/Art/80921533.jpg,true,pending,Imported for the Mausoleum Lockdown Edison deck.,Mausoléu do Imperador,
83104731,Golem do Mecanismo Antigo,official,Monstro de Efeito,ygoprodeck_mausoleum_lockdown_edison,continuous,,official/c83104731.lua,true,true,https://images.ygoprodeck.com/images/cards/83104731.jpg,Assets/Game/Cards/Art/83104731.jpg,true,pending,Imported for the Mausoleum Lockdown Edison deck.,Golem do Mecanismo Antigo,
88643579,Dragão da Escuridão Final,official,Monstro Sincro,ygoprodeck_mausoleum_lockdown_edison,extra_deck,,official/c88643579.lua,true,true,https://images.ygoprodeck.com/images/cards/88643579.jpg,Assets/Game/Cards/Art/88643579.jpg,true,pending,Imported for the Mausoleum Lockdown Edison deck.,Dragão da Escuridão Final,
89111398,Espírito de Pó das Trevas,official,Monstro de Efeito,ygoprodeck_mausoleum_lockdown_edison,trigger_effect,,official/c89111398.lua,true,true,https://images.ygoprodeck.com/images/cards/89111398.jpg,Assets/Game/Cards/Art/89111398.jpg,true,pending,Imported for the Mausoleum Lockdown Edison deck.,Espírito de Pó das Trevas,
98380593,Baga da Supremacia,official,Carta de Magia,ygoprodeck_mausoleum_lockdown_edison,effect,,official/c98380593.lua,true,true,https://images.ygoprodeck.com/images/cards/98380593.jpg,Assets/Game/Cards/Art/98380593.jpg,true,pending,Imported for the Mausoleum Lockdown Edison deck.,Baga da Supremacia,
98777036,Tragoedia,official,Monstro de Efeito,ygoprodeck_mausoleum_lockdown_edison,quick_effect,,official/c98777036.lua,true,true,https://images.ygoprodeck.com/images/cards/98777036.jpg,Assets/Game/Cards/Art/98777036.jpg,true,pending,Imported for the Mausoleum Lockdown Edison deck.,Tragoedia,
47894537,Ilusionista Jongleur-Ghoul,official,Monstro Normal,ygoprodeck_nine_deck_batch,simple,,,not_required_no_effect,true,https://images.ygoprodeck.com/images/cards/47894537.jpg,Assets/StreamingAssets/Ygo/Art/47894537.jpg,true,pending,Imported from the July 2026 curated deck batch.,Jongleur-Ghoul Illusionist,
65033975,Rainha Azamina,official,Monstro de Efeito,ygoprodeck_nine_deck_batch,trigger,,official/c65033975.lua,true,true,https://images.ygoprodeck.com/images/cards/65033975.jpg,Assets/StreamingAssets/Ygo/Art/65033975.jpg,true,pending,Imported from the July 2026 curated deck batch.,Queen Azamina,
74150658,Garras de Shurilane,official,Monstro de Efeito,ygoprodeck_nine_deck_batch,quick,,official/c74150658.lua,true,true,https://images.ygoprodeck.com/images/cards/74150658.jpg,Assets/StreamingAssets/Ygo/Art/74150658.jpg,true,pending,Imported from the July 2026 curated deck batch.,Talons of Shurilane,
9798352,"Prufinesse, o Caçador Tático",official,Monstro de Efeito,ygoprodeck_nine_deck_batch,trigger,,official/c9798352.lua,true,true,https://images.ygoprodeck.com/images/cards/9798352.jpg,Assets/StreamingAssets/Ygo/Art/9798352.jpg,true,pending,Imported from the July 2026 curated deck batch.,"Prufinesse, the Tactical Trapper",
87462901,Emissário da Casa de Cera,official,Monstro de Efeito,ygoprodeck_nine_deck_batch,negation,,official/c87462901.lua,true,true,https://images.ygoprodeck.com/images/cards/87462901.jpg,Assets/StreamingAssets/Ygo/Art/87462901.jpg,true,pending,Imported from the July 2026 curated deck batch.,Emissary from the House of Wax,
85401123,Mokomoko,official,Monstro de Efeito,ygoprodeck_nine_deck_batch,trigger,,official/c85401123.lua,true,true,https://images.ygoprodeck.com/images/cards/85401123.jpg,Assets/StreamingAssets/Ygo/Art/85401123.jpg,true,pending,Imported from the July 2026 curated deck batch.,Mokomoko,
24081957,Despojos pecaminosos da subversão - Snake-Eye,official,Carta de Magia,ygoprodeck_nine_deck_batch,intermediate,,official/c24081957.lua,true,true,https://images.ygoprodeck.com/images/cards/24081957.jpg,Assets/StreamingAssets/Ygo/Art/24081957.jpg,true,pending,Imported from the July 2026 curated deck batch.,Sinful Spoils of Subversion - Snake-Eye,
25224340,Mãos de pesadelo,official,Carta de Magia,ygoprodeck_nine_deck_batch,quick,,official/c25224340.lua,true,true,https://images.ygoprodeck.com/images/cards/25224340.jpg,Assets/StreamingAssets/Ygo/Art/25224340.jpg,true,pending,Imported from the July 2026 curated deck batch.,Nightmare Hands,
83626916,D. D. Publicar,official,Carta de Armadilha,ygoprodeck_nine_deck_batch,continuous,,official/c83626916.lua,true,true,https://images.ygoprodeck.com/images/cards/83626916.jpg,Assets/StreamingAssets/Ygo/Art/83626916.jpg,true,pending,Imported from the July 2026 curated deck batch.,D.D. Post,
9064354,Fábrica Negra de Mais Produção,official,Carta de Armadilha,ygoprodeck_nine_deck_batch,continuous,,official/c9064354.lua,true,true,https://images.ygoprodeck.com/images/cards/9064354.jpg,Assets/StreamingAssets/Ygo/Art/9064354.jpg,true,pending,Imported from the July 2026 curated deck batch.,Dark Factory of More Production,
42201897,Determinação de Azamina,official,Carta de Armadilha,ygoprodeck_nine_deck_batch,intermediate,,official/c42201897.lua,true,true,https://images.ygoprodeck.com/images/cards/42201897.jpg,Assets/StreamingAssets/Ygo/Art/42201897.jpg,true,pending,Imported from the July 2026 curated deck batch.,Azamina Determination,
89328238,Equipe de Reforço,official,Carta de Armadilha,ygoprodeck_nine_deck_batch,trigger,,official/c89328238.lua,true,true,https://images.ygoprodeck.com/images/cards/89328238.jpg,Assets/StreamingAssets/Ygo/Art/89328238.jpg,true,pending,Imported from the July 2026 curated deck batch.,Backup Team,
52607696,Força do Espelho Miragem,official,Carta de Armadilha,ygoprodeck_nine_deck_batch,trigger,,official/c52607696.lua,true,true,https://images.ygoprodeck.com/images/cards/52607696.jpg,Assets/StreamingAssets/Ygo/Art/52607696.jpg,true,pending,Imported from the July 2026 curated deck batch.,Mirage Mirror Force,
38761908,Paleozoico Dinomischus,official,Carta de Armadilha,ygoprodeck_nine_deck_batch,trigger,,official/c38761908.lua,true,true,https://images.ygoprodeck.com/images/cards/38761908.jpg,Assets/StreamingAssets/Ygo/Art/38761908.jpg,true,pending,Imported from the July 2026 curated deck batch.,Paleozoic Dinomischus,
64765016,Paleozoico Marrella,official,Carta de Armadilha,ygoprodeck_nine_deck_batch,trigger,,official/c64765016.lua,true,true,https://images.ygoprodeck.com/images/cards/64765016.jpg,Assets/StreamingAssets/Ygo/Art/64765016.jpg,true,pending,Imported from the July 2026 curated deck batch.,Paleozoic Marrella,
41488249,Uivo Primita,official,Carta de Armadilha,ygoprodeck_nine_deck_batch,trigger,,official/c41488249.lua,true,true,https://images.ygoprodeck.com/images/cards/41488249.jpg,Assets/StreamingAssets/Ygo/Art/41488249.jpg,true,pending,Imported from the July 2026 curated deck batch.,Primite Howl,
53329234,Despojos Pecaminosos do Sono - Morrian,official,Carta de Armadilha,ygoprodeck_nine_deck_batch,trigger,,official/c53329234.lua,true,true,https://images.ygoprodeck.com/images/cards/53329234.jpg,Assets/StreamingAssets/Ygo/Art/53329234.jpg,true,pending,Imported from the July 2026 curated deck batch.,Sinful Spoils of Slumber - Morrian,
9785661,Azamina Sol Erysichthon,official,Monstro de Fusão,ygoprodeck_nine_deck_batch,extra_deck,,official/c9785661.lua,true,true,https://images.ygoprodeck.com/images/cards/9785661.jpg,Assets/StreamingAssets/Ygo/Art/9785661.jpg,true,pending,Imported from the July 2026 curated deck batch.,Azamina Sol Erysichthon,
30128445,Transcendossauro Drillygnathus,official,Monstro Xyz,ygoprodeck_nine_deck_batch,extra_deck,,official/c30128445.lua,true,true,https://images.ygoprodeck.com/images/cards/30128445.jpg,Assets/StreamingAssets/Ygo/Art/30128445.jpg,true,pending,Imported from the July 2026 curated deck batch.,Transcendosaurus Drillygnathus,
75083197,Dragãotovia Pairen,official,Monstro Xyz,ygoprodeck_nine_deck_batch,extra_deck,,official/c75083197.lua,true,true,https://images.ygoprodeck.com/images/cards/75083197.jpg,Assets/StreamingAssets/Ygo/Art/75083197.jpg,true,pending,Imported from the July 2026 curated deck batch.,Dragonlark Pairen,
64689404,Quebrador de Espada,official,Monstro Xyz,ygoprodeck_nine_deck_batch,extra_deck,,official/c64689404.lua,true,true,https://images.ygoprodeck.com/images/cards/64689404.jpg,Assets/StreamingAssets/Ygo/Art/64689404.jpg,true,pending,Imported from the July 2026 curated deck batch.,Sword Breaker,
71100270,A Besta Louca do Goblin,official,Monstro Xyz,ygoprodeck_nine_deck_batch,extra_deck,,official/c71100270.lua,true,true,https://images.ygoprodeck.com/images/cards/71100270.jpg,Assets/StreamingAssets/Ygo/Art/71100270.jpg,true,pending,Imported from the July 2026 curated deck batch.,Goblin's Crazy Beast,
80796456,Número 70: Pecado Malevolente,official,Monstro Xyz,ygoprodeck_nine_deck_batch,extra_deck,,official/c80796456.lua,true,true,https://images.ygoprodeck.com/images/cards/80796456.jpg,Assets/StreamingAssets/Ygo/Art/80796456.jpg,true,pending,Imported from the July 2026 curated deck batch.,Number 70: Malevolent Sin,
47195442,Quarteto Wonky,official,Monstro Xyz,ygoprodeck_nine_deck_batch,extra_deck,,official/c47195442.lua,true,true,https://images.ygoprodeck.com/images/cards/47195442.jpg,Assets/StreamingAssets/Ygo/Art/47195442.jpg,true,pending,Imported from the July 2026 curated deck batch.,Wonky Quartet,
54191698,Número 29: Gato Manequim,official,Monstro Xyz,ygoprodeck_nine_deck_batch,extra_deck,,official/c54191698.lua,true,true,https://images.ygoprodeck.com/images/cards/54191698.jpg,Assets/StreamingAssets/Ygo/Art/54191698.jpg,true,pending,Imported from the July 2026 curated deck batch.,Number 29: Mannequin Cat,
56410769,Pássaro Ondulado,official,Monstro Xyz,ygoprodeck_nine_deck_batch,extra_deck,,official/c56410769.lua,true,true,https://images.ygoprodeck.com/images/cards/56410769.jpg,Assets/StreamingAssets/Ygo/Art/56410769.jpg,true,pending,Imported from the July 2026 curated deck batch.,Ripple Bird,
5402805,Enfurecido dos Tenyi,official,Monstro Link,ygoprodeck_nine_deck_batch,extra_deck,,official/c5402805.lua,true,true,https://images.ygoprodeck.com/images/cards/5402805.jpg,Assets/StreamingAssets/Ygo/Art/5402805.jpg,true,pending,Imported from the July 2026 curated deck batch.,Berserker of the Tenyi,
84121193,Vírus Rompe-código Espadachim,official,Monstro Link,ygoprodeck_nine_deck_batch,extra_deck,,official/c84121193.lua,true,true,https://images.ygoprodeck.com/images/cards/84121193.jpg,Assets/StreamingAssets/Ygo/Art/84121193.jpg,true,pending,Imported from the July 2026 curated deck batch.,Codebreaker Virus Swordsman,
9763474,Lagarto abatido,official,Monstro Link,ygoprodeck_nine_deck_batch,extra_deck,,official/c9763474.lua,true,true,https://images.ygoprodeck.com/images/cards/9763474.jpg,Assets/StreamingAssets/Ygo/Art/9763474.jpg,true,pending,Imported from the July 2026 curated deck batch.,Haggard Lizardose,
49725936,Dragão das Três Explosões,official,Monstro Link,ygoprodeck_nine_deck_batch,extra_deck,,official/c49725936.lua,true,true,https://images.ygoprodeck.com/images/cards/49725936.jpg,Assets/StreamingAssets/Ygo/Art/49725936.jpg,true,pending,Imported from the July 2026 curated deck batch.,Triple Burst Dragon,
31226177,"Imduk, o Dragão do Cálice Mundial",official,Monstro Link,ygoprodeck_nine_deck_batch,extra_deck,,official/c31226177.lua,true,true,https://images.ygoprodeck.com/images/cards/31226177.jpg,Assets/StreamingAssets/Ygo/Art/31226177.jpg,true,pending,Imported from the July 2026 curated deck batch.,Imduk the World Chalice Dragon,
27520594,Gênio Loci de Solarsemente,official,Monstro Normal,ygoprodeck_nine_deck_batch,simple,,,not_required_no_effect,true,https://images.ygoprodeck.com/images/cards/27520594.jpg,Assets/StreamingAssets/Ygo/Art/27520594.jpg,true,pending,Imported from the July 2026 curated deck batch.,Sunseed Genius Loci,
66407907,Gêmeos de Solarsemente,official,Monstro de Efeito,ygoprodeck_nine_deck_batch,trigger,,official/c66407907.lua,true,true,https://images.ygoprodeck.com/images/cards/66407907.jpg,Assets/StreamingAssets/Ygo/Art/66407907.jpg,true,pending,Imported from the July 2026 curated deck batch.,Sunseed Twin,
16759958,Aromági-serafim Angélica,official,Monstro Regulador de Efeito,ygoprodeck_nine_deck_batch,trigger,,official/c16759958.lua,true,true,https://images.ygoprodeck.com/images/cards/16759958.jpg,Assets/StreamingAssets/Ygo/Art/16759958.jpg,true,pending,Imported from the July 2026 curated deck batch.,Aromaseraphy Angelica,
14169843,Aromágico Louro,official,Monstro de Efeito,ygoprodeck_nine_deck_batch,trigger,,official/c14169843.lua,true,true,https://images.ygoprodeck.com/images/cards/14169843.jpg,Assets/StreamingAssets/Ygo/Art/14169843.jpg,true,pending,Imported from the July 2026 curated deck batch.,Aromage Laurel,
24689197,Aromalilith Rosalina,official,Monstro Regulador de Efeito,ygoprodeck_nine_deck_batch,quick,,official/c24689197.lua,true,true,https://images.ygoprodeck.com/images/cards/24689197.jpg,Assets/StreamingAssets/Ygo/Art/24689197.jpg,true,pending,Imported from the July 2026 curated deck batch.,Aromalilith Rosalina,
96789758,Aromágico Jasmim,official,Monstro de Efeito,ygoprodeck_nine_deck_batch,trigger,,official/c96789758.lua,true,true,https://images.ygoprodeck.com/images/cards/96789758.jpg,Assets/StreamingAssets/Ygo/Art/96789758.jpg,true,pending,Imported from the July 2026 curated deck batch.,Aromage Jasmine,
71734607,Pétala Rikka,official,Monstro de Efeito,ygoprodeck_nine_deck_batch,trigger,,official/c71734607.lua,true,true,https://images.ygoprodeck.com/images/cards/71734607.jpg,Assets/StreamingAssets/Ygo/Art/71734607.jpg,true,pending,Imported from the July 2026 curated deck batch.,Rikka Petal,
132308,Princesa Rikka,official,Monstro de Efeito,ygoprodeck_nine_deck_batch,negation,,official/c132308.lua,true,true,https://images.ygoprodeck.com/images/cards/132308.jpg,Assets/StreamingAssets/Ygo/Art/132308.jpg,true,pending,Imported from the July 2026 curated deck batch.,Rikka Princess,
8129306,"Prímula, a Fada Rikka",official,Monstro de Efeito,ygoprodeck_nine_deck_batch,trigger,,official/c8129306.lua,true,true,https://images.ygoprodeck.com/images/cards/8129306.jpg,Assets/StreamingAssets/Ygo/Art/8129306.jpg,true,pending,Imported from the July 2026 curated deck batch.,Primula the Rikka Fairy,
71002019,"Mudan, a Fada Rikka",official,Monstro de Efeito,ygoprodeck_nine_deck_batch,trigger,,official/c71002019.lua,true,true,https://images.ygoprodeck.com/images/cards/71002019.jpg,Assets/StreamingAssets/Ygo/Art/71002019.jpg,true,pending,Imported from the July 2026 curated deck batch.,Mudan the Rikka Fairy,
33491462,"Floco de Neve, a Fada Rikka",official,Monstro de Efeito,ygoprodeck_nine_deck_batch,intermediate,,official/c33491462.lua,true,true,https://images.ygoprodeck.com/images/cards/33491462.jpg,Assets/StreamingAssets/Ygo/Art/33491462.jpg,true,pending,Imported from the July 2026 curated deck batch.,Snowdrop the Rikka Fairy,
48686504,Florescer do Fogo Solitário,official,Monstro de Efeito,ygoprodeck_nine_deck_batch,intermediate,,official/c48686504.lua,true,true,https://images.ygoprodeck.com/images/cards/48686504.jpg,Assets/StreamingAssets/Ygo/Art/48686504.jpg,true,pending,Imported from the July 2026 curated deck batch.,Lonefire Blossom,
31615285,Fortalhão Cacto,official,Monstro de Efeito,ygoprodeck_nine_deck_batch,intermediate,,official/c31615285.lua,true,true,https://images.ygoprodeck.com/images/cards/31615285.jpg,Assets/StreamingAssets/Ygo/Art/31615285.jpg,true,pending,Imported from the July 2026 curated deck batch.,Cactus Bouncer,
83610035,"Therion ""Lírio"" Borea",official,Monstro de Efeito,ygoprodeck_nine_deck_batch,trigger,,official/c83610035.lua,true,true,https://images.ygoprodeck.com/images/cards/83610035.jpg,Assets/StreamingAssets/Ygo/Art/83610035.jpg,true,pending,Imported from the July 2026 curated deck batch.,"Therion ""Lily"" Borea",
76869711,Konkon Rikka,official,Carta de Magia,ygoprodeck_nine_deck_batch,trigger,,official/c76869711.lua,true,true,https://images.ygoprodeck.com/images/cards/76869711.jpg,Assets/StreamingAssets/Ygo/Art/76869711.jpg,true,pending,Imported from the July 2026 curated deck batch.,Rikka Konkon,
69164989,Glamour Rikka,official,Carta de Magia,ygoprodeck_nine_deck_batch,trigger,,official/c69164989.lua,true,true,https://images.ygoprodeck.com/images/cards/69164989.jpg,Assets/StreamingAssets/Ygo/Art/69164989.jpg,true,pending,Imported from the July 2026 curated deck batch.,Rikka Glamour,
911883,Dai Inesperado,official,Carta de Magia,ygoprodeck_nine_deck_batch,trigger,,official/c911883.lua,true,true,https://images.ygoprodeck.com/images/cards/911883.jpg,Assets/StreamingAssets/Ygo/Art/911883.jpg,true,pending,Imported from the July 2026 curated deck batch.,Unexpected Dai,
53286626,Semeadura de Solarvinhas,official,Carta de Magia,ygoprodeck_nine_deck_batch,trigger,,official/c53286626.lua,true,true,https://images.ygoprodeck.com/images/cards/53286626.jpg,Assets/StreamingAssets/Ygo/Art/53286626.jpg,true,pending,Imported from the July 2026 curated deck batch.,Sunvine Sowing,
25861589,Mistura de Aromas,official,Carta de Magia,ygoprodeck_nine_deck_batch,trigger,,official/c25861589.lua,true,true,https://images.ygoprodeck.com/images/cards/25861589.jpg,Assets/StreamingAssets/Ygo/Art/25861589.jpg,true,pending,Imported from the July 2026 curated deck batch.,Aroma Blend,
2295440,Um por Um,official,Carta de Magia,ygoprodeck_nine_deck_batch,intermediate,,official/c2295440.lua,true,true,https://images.ygoprodeck.com/images/cards/2295440.jpg,Assets/StreamingAssets/Ygo/Art/2295440.jpg,true,pending,Imported from the July 2026 curated deck batch.,One for One,
68941332,Crosta Rikka,official,Carta de Armadilha,ygoprodeck_nine_deck_batch,trigger,,official/c68941332.lua,true,true,https://images.ygoprodeck.com/images/cards/68941332.jpg,Assets/StreamingAssets/Ygo/Art/68941332.jpg,true,pending,Imported from the July 2026 curated deck batch.,Rikka Sheet,
92266279,Ventos Húmidos,official,Carta de Armadilha,ygoprodeck_nine_deck_batch,continuous,,official/c92266279.lua,true,true,https://images.ygoprodeck.com/images/cards/92266279.jpg,Assets/StreamingAssets/Ygo/Art/92266279.jpg,true,pending,Imported from the July 2026 curated deck batch.,Humid Winds,
15177750,Ventos Abençoados,official,Carta de Armadilha,ygoprodeck_nine_deck_batch,continuous,,official/c15177750.lua,true,true,https://images.ygoprodeck.com/images/cards/15177750.jpg,Assets/StreamingAssets/Ygo/Art/15177750.jpg,true,pending,Imported from the July 2026 curated deck batch.,Blessed Winds,
93896655,Dria de Solaravalon,official,Monstro Link,ygoprodeck_nine_deck_batch,extra_deck,,official/c93896655.lua,true,true,https://images.ygoprodeck.com/images/cards/93896655.jpg,Assets/StreamingAssets/Ygo/Art/93896655.jpg,true,pending,Imported from the July 2026 curated deck batch.,Sunavalon Dryas,
65563871,Curandeira de Solarvinhas,official,Monstro Link,ygoprodeck_nine_deck_batch,extra_deck,,official/c65563871.lua,true,true,https://images.ygoprodeck.com/images/cards/65563871.jpg,Assets/StreamingAssets/Ygo/Art/65563871.jpg,true,pending,Imported from the July 2026 curated deck batch.,Sunvine Healer,
91557476,Agressor de Solarvinhas,official,Monstro Link,ygoprodeck_nine_deck_batch,extra_deck,,official/c91557476.lua,true,true,https://images.ygoprodeck.com/images/cards/91557476.jpg,Assets/StreamingAssets/Ygo/Art/91557476.jpg,true,pending,Imported from the July 2026 curated deck batch.,Sunvine Thrasher,
7984540,Dafne de Solaravalon,official,Monstro Link,ygoprodeck_nine_deck_batch,extra_deck,,official/c7984540.lua,true,true,https://images.ygoprodeck.com/images/cards/7984540.jpg,Assets/StreamingAssets/Ygo/Art/7984540.jpg,true,pending,Imported from the July 2026 curated deck batch.,Sunavalon Daphne,
65285459,Drianome de Solaravalon,official,Monstro Link,ygoprodeck_nine_deck_batch,extra_deck,,official/c65285459.lua,true,true,https://images.ygoprodeck.com/images/cards/65285459.jpg,Assets/StreamingAssets/Ygo/Art/65285459.jpg,true,pending,Imported from the July 2026 curated deck batch.,Sunavalon Dryanome,
44478599,Melias de Solaravalon,official,Monstro Link,ygoprodeck_nine_deck_batch,extra_deck,,official/c44478599.lua,true,true,https://images.ygoprodeck.com/images/cards/44478599.jpg,Assets/StreamingAssets/Ygo/Art/44478599.jpg,true,pending,Imported from the July 2026 curated deck batch.,Sunavalon Melias,
21200905,Aromági-serafim Jasmim,official,Monstro Link,ygoprodeck_nine_deck_batch,extra_deck,,official/c21200905.lua,true,true,https://images.ygoprodeck.com/images/cards/21200905.jpg,Assets/StreamingAssets/Ygo/Art/21200905.jpg,true,pending,Imported from the July 2026 curated deck batch.,Aromaseraphy Jasmine,
30989084,Alecrim Aromalilith,official,Monstro Link,ygoprodeck_nine_deck_batch,extra_deck,,official/c30989084.lua,true,true,https://images.ygoprodeck.com/images/cards/30989084.jpg,Assets/StreamingAssets/Ygo/Art/30989084.jpg,true,pending,Imported from the July 2026 curated deck batch.,Aromalilith Rosemary,
21903613,Dançapione Silvestre,official,Monstro Link,ygoprodeck_nine_deck_batch,extra_deck,,official/c21903613.lua,true,true,https://images.ygoprodeck.com/images/cards/21903613.jpg,Assets/StreamingAssets/Ygo/Art/21903613.jpg,true,pending,Imported from the July 2026 curated deck batch.,Sylvan Dancepione,
73345237,"Benghalanceiro, o Ressurgente",official,Monstro Link,ygoprodeck_nine_deck_batch,extra_deck,,official/c73345237.lua,true,true,https://images.ygoprodeck.com/images/cards/73345237.jpg,Assets/StreamingAssets/Ygo/Art/73345237.jpg,true,pending,Imported from the July 2026 curated deck batch.,Benghalancer the Resurgent,
3828844,"Strenna, a Rainha Rikka",official,Monstro Xyz,ygoprodeck_nine_deck_batch,extra_deck,,official/c3828844.lua,true,true,https://images.ygoprodeck.com/images/cards/3828844.jpg,Assets/StreamingAssets/Ygo/Art/3828844.jpg,true,pending,Imported from the July 2026 curated deck batch.,Rikka Queen Strenna,
33779875,"Lágrima, a Rainha Rikka",official,Monstro Xyz,ygoprodeck_nine_deck_batch,extra_deck,,official/c33779875.lua,true,true,https://images.ygoprodeck.com/images/cards/33779875.jpg,Assets/StreamingAssets/Ygo/Art/33779875.jpg,true,pending,Imported from the July 2026 curated deck batch.,Teardrop the Rikka Queen,
9349094,"Besta Árvore Sagrada, Hyperyton",official,Monstro Xyz,ygoprodeck_nine_deck_batch,extra_deck,,official/c9349094.lua,true,true,https://images.ygoprodeck.com/images/cards/9349094.jpg,Assets/StreamingAssets/Ygo/Art/9349094.jpg,true,pending,Imported from the July 2026 curated deck batch.,"Sacred Tree Beast, Hyperyton",
7913375,Artilharia Tartaruga Catapulta,official,Monstro de Efeito,ygoprodeck_nine_deck_batch,intermediate,,official/c7913375.lua,true,true,https://images.ygoprodeck.com/images/cards/7913375.jpg,Assets/StreamingAssets/Ygo/Art/7913375.jpg,true,pending,Imported from the July 2026 curated deck batch.,Artillery Catapult Turtle,
25206027,Dragão Interplanetariopurpuraespinhoso,official,Monstro de Efeito,ygoprodeck_nine_deck_batch,trigger,,official/c25206027.lua,true,true,https://images.ygoprodeck.com/images/cards/25206027.jpg,Assets/StreamingAssets/Ygo/Art/25206027.jpg,true,pending,Imported from the July 2026 curated deck batch.,Interplanetarypurplythorny Dragon,
68468459,Caído de Arbaz,official,Monstro de Efeito,ygoprodeck_nine_deck_batch,trigger,,official/c68468459.lua,true,true,https://images.ygoprodeck.com/images/cards/68468459.jpg,Assets/StreamingAssets/Ygo/Art/68468459.jpg,true,pending,Imported from the July 2026 curated deck batch.,Fallen of Albaz,
29904964,"Gaia, o Cavaleiro Impetuoso Desperto",official,Monstro de Efeito,ygoprodeck_nine_deck_batch,trigger,,official/c29904964.lua,true,true,https://images.ygoprodeck.com/images/cards/29904964.jpg,Assets/StreamingAssets/Ygo/Art/29904964.jpg,true,pending,Imported from the July 2026 curated deck batch.,Arisen Gaia the Fierce Knight,
7841921,"Gaia, o Cavaleiro Impetuoso em Carga",official,Monstro de Efeito,ygoprodeck_nine_deck_batch,trigger,,official/c7841921.lua,true,true,https://images.ygoprodeck.com/images/cards/7841921.jpg,Assets/StreamingAssets/Ygo/Art/7841921.jpg,true,pending,Imported from the July 2026 curated deck batch.,Charging Gaia the Fierce Knight,
50354944,"Origem de Gaia, o Cavaleiro Impetuoso",official,Monstro de Efeito,ygoprodeck_nine_deck_batch,quick,,official/c50354944.lua,true,true,https://images.ygoprodeck.com/images/cards/50354944.jpg,Assets/StreamingAssets/Ygo/Art/50354944.jpg,true,pending,Imported from the July 2026 curated deck batch.,Gaia the Fierce Knight Origin,
61525276,"Maldição do Dragão, o Dragão Amaldiçoado",official,Monstro de Efeito,ygoprodeck_nine_deck_batch,negation,,official/c61525276.lua,true,true,https://images.ygoprodeck.com/images/cards/61525276.jpg,Assets/StreamingAssets/Ygo/Art/61525276.jpg,true,pending,Imported from the July 2026 curated deck batch.,"Curse of Dragon, the Cursed Dragon",
34130561,"Gaia, o Cavaleiro Mágico",official,Monstro de Efeito,ygoprodeck_nine_deck_batch,trigger,,official/c34130561.lua,true,true,https://images.ygoprodeck.com/images/cards/34130561.jpg,Assets/StreamingAssets/Ygo/Art/34130561.jpg,true,pending,Imported from the July 2026 curated deck batch.,Gaia the Magical Knight,
7241272,Maldição do Fogo do Dragão,official,Monstro de Efeito,ygoprodeck_nine_deck_batch,trigger,,official/c7241272.lua,true,true,https://images.ygoprodeck.com/images/cards/7241272.jpg,Assets/StreamingAssets/Ygo/Art/7241272.jpg,true,pending,Imported from the July 2026 curated deck batch.,Curse of Dragonfire,
2106266,Gaia Galopante,official,Carta de Magia,ygoprodeck_nine_deck_batch,intermediate,,official/c2106266.lua,true,true,https://images.ygoprodeck.com/images/cards/2106266.jpg,Assets/StreamingAssets/Ygo/Art/2106266.jpg,true,pending,Imported from the July 2026 curated deck batch.,Galloping Gaia,
29477860,Descarga Espiral,official,Carta de Armadilha,ygoprodeck_nine_deck_batch,continuous,,official/c29477860.lua,true,true,https://images.ygoprodeck.com/images/cards/29477860.jpg,Assets/StreamingAssets/Ygo/Art/29477860.jpg,true,pending,Imported from the July 2026 curated deck batch.,Spiral Discharge,
38590361,Fusão Espiral,official,Carta de Magia,ygoprodeck_nine_deck_batch,trigger,,official/c38590361.lua,true,true,https://images.ygoprodeck.com/images/cards/38590361.jpg,Assets/StreamingAssets/Ygo/Art/38590361.jpg,true,pending,Imported from the July 2026 curated deck batch.,Spiral Fusion,
56461575,Espiral Renascido,official,Carta de Armadilha,ygoprodeck_nine_deck_batch,trigger,,official/c56461575.lua,true,true,https://images.ygoprodeck.com/images/cards/56461575.jpg,Assets/StreamingAssets/Ygo/Art/56461575.jpg,true,pending,Imported from the July 2026 curated deck batch.,Spiral Reborn,
49328340,Ataque da Lança em Espiral,official,Carta de Magia,ygoprodeck_nine_deck_batch,continuous,,official/c49328340.lua,true,true,https://images.ygoprodeck.com/images/cards/49328340.jpg,Assets/StreamingAssets/Ygo/Art/49328340.jpg,true,pending,Imported from the July 2026 curated deck batch.,Spiral Spear Strike,
95281259,O Regresso do Guerreiro Vivo,official,Carta de Magia,ygoprodeck_nine_deck_batch,intermediate,,official/c95281259.lua,true,true,https://images.ygoprodeck.com/images/cards/95281259.jpg,Assets/StreamingAssets/Ygo/Art/95281259.jpg,true,pending,Imported from the July 2026 curated deck batch.,The Warrior Returning Alive,
6853254,Retorno dos Senhores Dragão,official,Carta de Magia,ygoprodeck_nine_deck_batch,trigger,,official/c6853254.lua,true,true,https://images.ygoprodeck.com/images/cards/6853254.jpg,Assets/StreamingAssets/Ygo/Art/6853254.jpg,true,pending,Imported from the July 2026 curated deck batch.,Return of the Dragon Lords,
71490127,Espelho Dragão,official,Carta de Magia,ygoprodeck_nine_deck_batch,intermediate,,official/c71490127.lua,true,true,https://images.ygoprodeck.com/images/cards/71490127.jpg,Assets/StreamingAssets/Ygo/Art/71490127.jpg,true,pending,Imported from the July 2026 curated deck batch.,Dragon's Mirror,
55991637,Tiro do Dragão,official,Carta de Magia,ygoprodeck_nine_deck_batch,trigger,,official/c55991637.lua,true,true,https://images.ygoprodeck.com/images/cards/55991637.jpg,Assets/StreamingAssets/Ygo/Art/55991637.jpg,true,pending,Imported from the July 2026 curated deck batch.,Dragon's Gunfire,
83195035,Retorno do Dragão da Tempestade,official,Carta de Armadilha,ygoprodeck_nine_deck_batch,intermediate,,official/c83195035.lua,true,true,https://images.ygoprodeck.com/images/cards/83195035.jpg,Assets/StreamingAssets/Ygo/Art/83195035.jpg,true,pending,Imported from the July 2026 curated deck batch.,Storm Dragon's Return,
72064891,"Maldição do Dragão, o Dragão Cavaleiro Mágico",official,Monstro de Fusão,ygoprodeck_nine_deck_batch,extra_deck,,official/c72064891.lua,true,true,https://images.ygoprodeck.com/images/cards/72064891.jpg,Assets/StreamingAssets/Ygo/Art/72064891.jpg,true,pending,Imported from the July 2026 curated deck batch.,"Curse of Dragon, the Magical Knight Dragon",
15989522,"Gaia, o Cavaleiro Mágico do Dragão",official,Monstro de Fusão,ygoprodeck_nine_deck_batch,extra_deck,,official/c15989522.lua,true,true,https://images.ygoprodeck.com/images/cards/15989522.jpg,Assets/StreamingAssets/Ygo/Art/15989522.jpg,true,pending,Imported from the July 2026 curated deck batch.,Gaia the Magical Knight of Dragons,
10669138,Dragão Link de Cinco Cabeças,official,Monstro Link,ygoprodeck_nine_deck_batch,extra_deck,,official/c10669138.lua,true,true,https://images.ygoprodeck.com/images/cards/10669138.jpg,Assets/StreamingAssets/Ygo/Art/10669138.jpg,true,pending,Imported from the July 2026 curated deck batch.,Five-Headed Link Dragon,
99267150,Dragão de Cinco Cabeças,official,Monstro de Fusão,ygoprodeck_nine_deck_batch,extra_deck,,official/c99267150.lua,true,true,https://images.ygoprodeck.com/images/cards/99267150.jpg,Assets/StreamingAssets/Ygo/Art/99267150.jpg,true,pending,Imported from the July 2026 curated deck batch.,Five-Headed Dragon,
85289965,Dragão Callibrespada,official,Monstro Link,ygoprodeck_nine_deck_batch,extra_deck,,official/c85289965.lua,true,true,https://images.ygoprodeck.com/images/cards/85289965.jpg,Assets/StreamingAssets/Ygo/Art/85289965.jpg,true,pending,Imported from the July 2026 curated deck batch.,Borrelsword Dragon,
87288189,"Caius, o Mega Monarca",official,Monstro de Efeito,ygoprodeck_nine_deck_batch,trigger,,official/c87288189.lua,true,true,https://images.ygoprodeck.com/images/cards/87288189.jpg,Assets/StreamingAssets/Ygo/Art/87288189.jpg,true,pending,Imported from the July 2026 curated deck batch.,Caius the Mega Monarch,
9748752,"Caius, o Monarca das Sombras",official,Monstro de Efeito,ygoprodeck_nine_deck_batch,trigger,,official/c9748752.lua,true,true,https://images.ygoprodeck.com/images/cards/9748752.jpg,Assets/StreamingAssets/Ygo/Art/9748752.jpg,true,pending,Imported from the July 2026 curated deck batch.,Caius the Shadow Monarch,
31596518,"Eidos, o Monarca do Submundo",official,Monstro de Efeito,ygoprodeck_nine_deck_batch,trigger,,official/c31596518.lua,true,true,https://images.ygoprodeck.com/images/cards/31596518.jpg,Assets/StreamingAssets/Ygo/Art/31596518.jpg,true,pending,Imported from the July 2026 curated deck batch.,Eidos the Underworld Monarch,
50383626,"Diábolos Tenebroso, Senhor do Covil",official,Monstro de Efeito,ygoprodeck_nine_deck_batch,trigger,,official/c50383626.lua,true,true,https://images.ygoprodeck.com/images/cards/50383626.jpg,Assets/StreamingAssets/Ygo/Art/50383626.jpg,true,pending,Imported from the July 2026 curated deck batch.,"Darkest Diabolos, Lord of the Lair",
33746252,Demônio da Sua Majestade,official,Monstro de Efeito,ygoprodeck_nine_deck_batch,intermediate,,official/c33746252.lua,true,true,https://images.ygoprodeck.com/images/cards/33746252.jpg,Assets/StreamingAssets/Ygo/Art/33746252.jpg,true,pending,Imported from the July 2026 curated deck batch.,Majesty's Fiend,
59463312,"Eidos, o Escudeiro do Submundo",official,Monstro de Efeito,ygoprodeck_nine_deck_batch,trigger,,official/c59463312.lua,true,true,https://images.ygoprodeck.com/images/cards/59463312.jpg,Assets/StreamingAssets/Ygo/Art/59463312.jpg,true,pending,Imported from the July 2026 curated deck batch.,Eidos the Underworld Squire,
95993388,"Landrobe, o Vassalo da Rocha",official,Monstro de Efeito,ygoprodeck_nine_deck_batch,trigger,,official/c95993388.lua,true,true,https://images.ygoprodeck.com/images/cards/95993388.jpg,Assets/StreamingAssets/Ygo/Art/95993388.jpg,true,pending,Imported from the July 2026 curated deck batch.,Landrobe the Rock Vassal,
59808784,"Berlineth, o Vassalo da Tempestade de Fogo",official,Monstro de Efeito,ygoprodeck_nine_deck_batch,trigger,,official/c59808784.lua,true,true,https://images.ygoprodeck.com/images/cards/59808784.jpg,Assets/StreamingAssets/Ygo/Art/59808784.jpg,true,pending,Imported from the July 2026 curated deck batch.,Berlineth the Firestorm Vassal,
35803249,Jinzo - Senhor,official,Monstro de Efeito,ygoprodeck_nine_deck_batch,negation,,official/c35803249.lua,true,true,https://images.ygoprodeck.com/images/cards/35803249.jpg,Assets/StreamingAssets/Ygo/Art/35803249.jpg,true,pending,Imported from the July 2026 curated deck batch.,Jinzo - Lord,
39987731,"Jinzo, a Máquina Ameaçadora",official,Monstro de Efeito,ygoprodeck_nine_deck_batch,quick,,official/c39987731.lua,true,true,https://images.ygoprodeck.com/images/cards/39987731.jpg,Assets/StreamingAssets/Ygo/Art/39987731.jpg,true,pending,Imported from the July 2026 curated deck batch.,Jinzo the Machine Menace,
51916032,Jinzo - Jector,official,Monstro de Efeito,ygoprodeck_nine_deck_batch,trigger,,official/c51916032.lua,true,true,https://images.ygoprodeck.com/images/cards/51916032.jpg,Assets/StreamingAssets/Ygo/Art/51916032.jpg,true,pending,Imported from the July 2026 curated deck batch.,Jinzo - Jector,
91800273,Deslocador Dimensional,official,Monstro de Efeito,ygoprodeck_nine_deck_batch,quick,,official/c91800273.lua,true,true,https://images.ygoprodeck.com/images/cards/91800273.jpg,Assets/StreamingAssets/Ygo/Art/91800273.jpg,true,pending,Imported from the July 2026 curated deck batch.,Dimension Shifter,
79844764,O Monarca Avança,official,Carta de Magia,ygoprodeck_nine_deck_batch,quick,,official/c79844764.lua,true,true,https://images.ygoprodeck.com/images/cards/79844764.jpg,Assets/StreamingAssets/Ygo/Art/79844764.jpg,true,pending,Imported from the July 2026 curated deck batch.,The Monarchs Stormforth,
55713623,Encolher,official,Carta de Magia,ygoprodeck_nine_deck_batch,quick,,official/c55713623.lua,true,true,https://images.ygoprodeck.com/images/cards/55713623.jpg,Assets/StreamingAssets/Ygo/Art/55713623.jpg,true,pending,Imported from the July 2026 curated deck batch.,Shrink,
44947065,Fardo do Poderoso,official,Carta de Magia,ygoprodeck_nine_deck_batch,continuous,,official/c44947065.lua,true,true,https://images.ygoprodeck.com/images/cards/44947065.jpg,Assets/StreamingAssets/Ygo/Art/44947065.jpg,true,pending,Imported from the July 2026 curated deck batch.,Burden of the Mighty,
33782437,Um Dia de Paz,official,Carta de Magia,ygoprodeck_nine_deck_batch,intermediate,,official/c33782437.lua,true,true,https://images.ygoprodeck.com/images/cards/33782437.jpg,Assets/StreamingAssets/Ygo/Art/33782437.jpg,true,pending,Imported from the July 2026 curated deck batch.,One Day of Peace,
99666430,Jinzo - Camadas,official,Monstro Xyz,ygoprodeck_nine_deck_batch,extra_deck,,official/c99666430.lua,true,true,https://images.ygoprodeck.com/images/cards/99666430.jpg,Assets/StreamingAssets/Ygo/Art/99666430.jpg,true,pending,Imported from the July 2026 curated deck batch.,Jinzo - Layered,
7443908,"Hayate, a Estrela Terrena",official,Monstro de Efeito,ygoprodeck_nine_deck_batch,negation,,official/c7443908.lua,true,true,https://images.ygoprodeck.com/images/cards/7443908.jpg,Assets/StreamingAssets/Ygo/Art/7443908.jpg,true,pending,Imported from the July 2026 curated deck batch.,Hayate the Earth Star,
33837653,"Tenma, a Estrela Celeste",official,Monstro de Efeito,ygoprodeck_nine_deck_batch,negation,,official/c33837653.lua,true,true,https://images.ygoprodeck.com/images/cards/33837653.jpg,Assets/StreamingAssets/Ygo/Art/33837653.jpg,true,pending,Imported from the July 2026 curated deck batch.,Tenma the Sky Star,
60822251,"Kaiki, a Estrela da União",official,Monstro de Efeito,ygoprodeck_nine_deck_batch,quick,,official/c60822251.lua,true,true,https://images.ygoprodeck.com/images/cards/60822251.jpg,Assets/StreamingAssets/Ygo/Art/60822251.jpg,true,pending,Imported from the July 2026 curated deck batch.,Kaiki the Unity Star,
49139666,E Estranho Big Bang,official,Monstro de Efeito,ygoprodeck_nine_deck_batch,quick,,official/c49139666.lua,true,true,https://images.ygoprodeck.com/images/cards/49139666.jpg,Assets/StreamingAssets/Ygo/Art/49139666.jpg,true,pending,Imported from the July 2026 curated deck batch.,E Stranger Big Bang,
75214390,Impulsionador Revestido,official,Monstro de Efeito,ygoprodeck_nine_deck_batch,trigger,,official/c75214390.lua,true,true,https://images.ygoprodeck.com/images/cards/75214390.jpg,Assets/StreamingAssets/Ygo/Art/75214390.jpg,true,pending,Imported from the July 2026 curated deck batch.,Overlay Booster,
59975920,Camada Vermelha Super Quantum,official,Monstro de Efeito,ygoprodeck_nine_deck_batch,trigger,,official/c59975920.lua,true,true,https://images.ygoprodeck.com/images/cards/59975920.jpg,Assets/StreamingAssets/Ygo/Art/59975920.jpg,true,pending,Imported from the July 2026 curated deck batch.,Super Quantum Red Layer,
1164211,Escudo da Dinastia do Milênio,official,Monstro de Efeito,ygoprodeck_nine_deck_batch,trigger,,official/c1164211.lua,true,true,https://images.ygoprodeck.com/images/cards/1164211.jpg,Assets/StreamingAssets/Ygo/Art/1164211.jpg,true,pending,Imported from the July 2026 curated deck batch.,Shield of the Millennium Dynasty,
46659709,Soldado das Galáxias,official,Monstro de Efeito,ygoprodeck_nine_deck_batch,trigger,,official/c46659709.lua,true,true,https://images.ygoprodeck.com/images/cards/46659709.jpg,Assets/StreamingAssets/Ygo/Art/46659709.jpg,true,pending,Imported from the July 2026 curated deck batch.,Galaxy Soldier,
29284413,O Cavaleiro do Coringa,official,Monstro de Efeito,ygoprodeck_nine_deck_batch,trigger,,official/c29284413.lua,true,true,https://images.ygoprodeck.com/images/cards/29284413.jpg,Assets/StreamingAssets/Ygo/Art/29284413.jpg,true,pending,Imported from the July 2026 curated deck batch.,Joker's Knight,
50486289,Chefe de Guerra Amazoness,official,Monstro de Efeito,ygoprodeck_nine_deck_batch,trigger,,official/c50486289.lua,true,true,https://images.ygoprodeck.com/images/cards/50486289.jpg,Assets/StreamingAssets/Ygo/Art/50486289.jpg,true,pending,Imported from the July 2026 curated deck batch.,Amazoness War Chief,
25449584,"Kaiza, a Estrela Oculta",official,Monstro de Efeito,ygoprodeck_nine_deck_batch,trigger,,official/c25449584.lua,true,true,https://images.ygoprodeck.com/images/cards/25449584.jpg,Assets/StreamingAssets/Ygo/Art/25449584.jpg,true,pending,Imported from the July 2026 curated deck batch.,Kaiza the Hidden Star,
48228390,Cavaleiro Pirita,official,Monstro de Efeito,ygoprodeck_nine_deck_batch,quick,,official/c48228390.lua,true,true,https://images.ygoprodeck.com/images/cards/48228390.jpg,Assets/StreamingAssets/Ygo/Art/48228390.jpg,true,pending,Imported from the July 2026 curated deck batch.,Pyrite Knight,
55416843,Banquete Selvagem NV5,official,Carta de Magia,ygoprodeck_nine_deck_batch,negation,,official/c55416843.lua,true,true,https://images.ygoprodeck.com/images/cards/55416843.jpg,Assets/StreamingAssets/Ygo/Art/55416843.jpg,true,pending,Imported from the July 2026 curated deck batch.,Feast of the Wild LV5,
74213995,Ecos da Guarda de Batalha,official,Carta de Magia,ygoprodeck_nine_deck_batch,continuous,,official/c74213995.lua,true,true,https://images.ygoprodeck.com/images/cards/74213995.jpg,Assets/StreamingAssets/Ygo/Art/74213995.jpg,true,pending,Imported from the July 2026 curated deck batch.,Battleguard Echoes,
57312333,Chamado Amazoness,official,Carta de Magia,ygoprodeck_nine_deck_batch,quick,,official/c57312333.lua,true,true,https://images.ygoprodeck.com/images/cards/57312333.jpg,Assets/StreamingAssets/Ygo/Art/57312333.jpg,true,pending,Imported from the July 2026 curated deck batch.,Amazoness Call,
25311006,Talento da Tática Tripla,official,Carta de Magia,ygoprodeck_nine_deck_batch,trigger,,official/c25311006.lua,true,true,https://images.ygoprodeck.com/images/cards/25311006.jpg,Assets/StreamingAssets/Ygo/Art/25311006.jpg,true,pending,Imported from the July 2026 curated deck batch.,Triple Tactics Talent,
18144507,Espanador de Penas da Harpia,official,Carta de Magia,ygoprodeck_nine_deck_batch,intermediate,,official/c18144506.lua,true,true,https://images.ygoprodeck.com/images/cards/18144507.jpg,Assets/StreamingAssets/Ygo/Art/18144507.jpg,true,pending,Imported from the July 2026 curated deck batch.,Harpie's Feather Duster,18144506
1607603,Duplo Dai,official,Carta de Armadilha,ygoprodeck_nine_deck_batch,trigger,,official/c1607603.lua,true,true,https://images.ygoprodeck.com/images/cards/1607603.jpg,Assets/StreamingAssets/Ygo/Art/1607603.jpg,true,pending,Imported from the July 2026 curated deck batch.,Double Dai,
32615065,"Shura, a Estrela Combatente",official,Monstro de Fusão,ygoprodeck_nine_deck_batch,extra_deck,,official/c32615065.lua,true,true,https://images.ygoprodeck.com/images/cards/32615065.jpg,Assets/StreamingAssets/Ygo/Art/32615065.jpg,true,pending,Imported from the July 2026 curated deck batch.,Shura the Combat Star,
96220350,"Iadaten, a Estrela Conquistadora",official,Monstro de Fusão,ygoprodeck_nine_deck_batch,extra_deck,,official/c96220350.lua,true,true,https://images.ygoprodeck.com/images/cards/96220350.jpg,Assets/StreamingAssets/Ygo/Art/96220350.jpg,true,pending,Imported from the July 2026 curated deck batch.,Idaten the Conqueror Star,
99991455,"Raijin, a estrela Breakbolt",official,Monstro de Fusão,ygoprodeck_nine_deck_batch,extra_deck,,official/c99991455.lua,true,true,https://images.ygoprodeck.com/images/cards/99991455.jpg,Assets/StreamingAssets/Ygo/Art/99991455.jpg,true,pending,Imported from the July 2026 curated deck batch.,Raijin the Breakbolt Star,
57031794,Besta Mech Super Quantal Magnaligre,official,Monstro Xyz,ygoprodeck_nine_deck_batch,extra_deck,,official/c57031794.lua,true,true,https://images.ygoprodeck.com/images/cards/57031794.jpg,Assets/StreamingAssets/Ygo/Art/57031794.jpg,true,pending,Imported from the July 2026 curated deck batch.,Super Quantal Mech Beast Magnaliger,
10443957,Dragão Cibernético do Infinito,official,Monstro Xyz,ygoprodeck_nine_deck_batch,extra_deck,,official/c10443957.lua,true,true,https://images.ygoprodeck.com/images/cards/10443957.jpg,Assets/StreamingAssets/Ygo/Art/10443957.jpg,true,pending,Imported from the July 2026 curated deck batch.,Cyber Dragon Infinity,
58069384,Dragão Cibernético Nova,official,Monstro Xyz,ygoprodeck_nine_deck_batch,extra_deck,,official/c58069384.lua,true,true,https://images.ygoprodeck.com/images/cards/58069384.jpg,Assets/StreamingAssets/Ygo/Art/58069384.jpg,true,pending,Imported from the July 2026 curated deck batch.,Cyber Dragon Nova,
73964868,Constelar Plêiades,official,Monstro Xyz,ygoprodeck_nine_deck_batch,extra_deck,,official/c73964868.lua,true,true,https://images.ygoprodeck.com/images/cards/73964868.jpg,Assets/StreamingAssets/Ygo/Art/73964868.jpg,true,pending,Imported from the July 2026 curated deck batch.,Constellar Pleiades,
2609443,Cronomalia Vimana,official,Monstro Xyz,ygoprodeck_nine_deck_batch,extra_deck,,official/c2609443.lua,true,true,https://images.ygoprodeck.com/images/cards/2609443.jpg,Assets/StreamingAssets/Ygo/Art/2609443.jpg,true,pending,Imported from the July 2026 curated deck batch.,Chronomaly Vimana,
29510428,Princesa Imperial Quinquery,official,Monstro Xyz,ygoprodeck_nine_deck_batch,extra_deck,,official/c29510428.lua,true,true,https://images.ygoprodeck.com/images/cards/29510428.jpg,Assets/StreamingAssets/Ygo/Art/29510428.jpg,true,pending,Imported from the July 2026 curated deck batch.,Imperial Princess Quinquery,
93039339,Super Starslayer TY-PHON - Crise do Céu,official,Monstro Xyz,ygoprodeck_nine_deck_batch,extra_deck,,official/c93039339.lua,true,true,https://images.ygoprodeck.com/images/cards/93039339.jpg,Assets/StreamingAssets/Ygo/Art/93039339.jpg,true,pending,Imported from the July 2026 curated deck batch.,Super Starslayer TY-PHON - Sky Crisis,
71612253,"D/D/D Tell, o Rei Atirador",official,Monstro Xyz,ygoprodeck_nine_deck_batch,extra_deck,,official/c71612253.lua,true,true,https://images.ygoprodeck.com/images/cards/71612253.jpg,Assets/StreamingAssets/Ygo/Art/71612253.jpg,true,pending,Imported from the July 2026 curated deck batch.,D/D/D Marksman King Tell,
46593546,"D/D/D Deus Machinex, o Rei Inventor",official,Monstro Xyz,ygoprodeck_nine_deck_batch,extra_deck,,official/c46593546.lua,true,true,https://images.ygoprodeck.com/images/cards/46593546.jpg,Assets/StreamingAssets/Ygo/Art/46593546.jpg,true,pending,Imported from the July 2026 curated deck batch.,D/D/D Deviser King Deus Machinex,
98642179,Espadachim da Chama Feroz,official,Monstro Link,ygoprodeck_nine_deck_batch,extra_deck,,official/c98642179.lua,true,true,https://images.ygoprodeck.com/images/cards/98642179.jpg,Assets/StreamingAssets/Ygo/Art/98642179.jpg,true,pending,Imported from the July 2026 curated deck batch.,Ferocious Flame Swordsman,
74644400,Refletor Psíquico,official,Monstro Regulador de Efeito,ygoprodeck_nine_deck_batch,trigger,,official/c74644400.lua,true,true,https://images.ygoprodeck.com/images/cards/74644400.jpg,Assets/StreamingAssets/Ygo/Art/74644400.jpg,true,pending,Imported from the July 2026 curated deck batch.,Psi-Reflector,
3431737,Besta de Ataque,official,Monstro de Efeito,ygoprodeck_nine_deck_batch,intermediate,,official/c3431737.lua,true,true,https://images.ygoprodeck.com/images/cards/3431737.jpg,Assets/StreamingAssets/Ygo/Art/3431737.jpg,true,pending,Imported from the July 2026 curated deck batch.,Assault Beast,
39015,Sentinela de Ataque,official,Monstro de Efeito,ygoprodeck_nine_deck_batch,trigger,,official/c39015.lua,true,true,https://images.ygoprodeck.com/images/cards/39015.jpg,Assets/StreamingAssets/Ygo/Art/39015.jpg,true,pending,Imported from the July 2026 curated deck batch.,Assault Sentinel,
86098176,Lich de Assalto,official,Monstro Regulador de Efeito,ygoprodeck_nine_deck_batch,trigger,,official/c86098176.lua,true,true,https://images.ygoprodeck.com/images/cards/86098176.jpg,Assets/StreamingAssets/Ygo/Art/86098176.jpg,true,pending,Imported from the July 2026 curated deck batch.,Assault Lich,
23431858,Espírito Tenyi - Vishuda,official,Monstro de Efeito,ygoprodeck_nine_deck_batch,trigger,,official/c23431858.lua,true,true,https://images.ygoprodeck.com/images/cards/23431858.jpg,Assets/StreamingAssets/Ygo/Art/23431858.jpg,true,pending,Imported from the July 2026 curated deck batch.,Tenyi Spirit - Vishuda,
96540807,Guerreiro da Regênese,official,Monstro de Efeito,ygoprodeck_nine_deck_batch,quick,,official/c96540807.lua,true,true,https://images.ygoprodeck.com/images/cards/96540807.jpg,Assets/StreamingAssets/Ygo/Art/96540807.jpg,true,pending,Imported from the July 2026 curated deck batch.,Regenesis Warrior,
1665819,Replicar LAD,official,Monstro de Efeito,ygoprodeck_nine_deck_batch,intermediate,,official/c1665819.lua,true,true,https://images.ygoprodeck.com/images/cards/1665819.jpg,Assets/StreamingAssets/Ygo/Art/1665819.jpg,true,pending,Imported from the July 2026 curated deck batch.,Replicard LAD,
59323650,Dragão Regênese,official,Monstro de Efeito,ygoprodeck_nine_deck_batch,quick,,official/c59323650.lua,true,true,https://images.ygoprodeck.com/images/cards/59323650.jpg,Assets/StreamingAssets/Ygo/Art/59323650.jpg,true,pending,Imported from the July 2026 curated deck batch.,Regenesis Dragon,
53927851,"Tufão Radiante Varuroon, o Vórtice Vibrante",official,Monstro de Efeito,ygoprodeck_nine_deck_batch,negation,,official/c53927851.lua,true,true,https://images.ygoprodeck.com/images/cards/53927851.jpg,Assets/StreamingAssets/Ygo/Art/53927851.jpg,true,pending,Imported from the July 2026 curated deck batch.,"Radiant Typhoon Varuroon, the Vibrant Vortex",
94103142,Manifestação do Tufão Radiante,official,Carta de Magia,ygoprodeck_nine_deck_batch,quick,,official/c94103142.lua,true,true,https://images.ygoprodeck.com/images/cards/94103142.jpg,Assets/StreamingAssets/Ygo/Art/94103142.jpg,true,pending,Imported from the July 2026 curated deck batch.,Radiant Typhoon Manifestation,
80280737,Ativar Modo de Ataque,official,Carta de Armadilha,ygoprodeck_nine_deck_batch,intermediate,,official/c80280737.lua,true,true,https://images.ygoprodeck.com/images/cards/80280737.jpg,Assets/StreamingAssets/Ygo/Art/80280737.jpg,true,pending,Imported from the July 2026 curated deck batch.,Assault Mode Activate,
89932017,Sincronização unidirecional,official,Carta de Armadilha,ygoprodeck_nine_deck_batch,trigger,,official/c89932017.lua,true,true,https://images.ygoprodeck.com/images/cards/89932017.jpg,Assets/StreamingAssets/Ygo/Art/89932017.jpg,true,pending,Imported from the July 2026 curated deck batch.,One-Way Synchro,
85442146,Mente do Dragão,official,Carta de Armadilha,ygoprodeck_nine_deck_batch,negation,,official/c85442146.lua,true,true,https://images.ygoprodeck.com/images/cards/85442146.jpg,Assets/StreamingAssets/Ygo/Art/85442146.jpg,true,pending,Imported from the July 2026 curated deck batch.,Dragon's Mind,
76359406,Cristron Ametrix,official,Monstro Sincro,ygoprodeck_nine_deck_batch,extra_deck,,official/c76359406.lua,true,true,https://images.ygoprodeck.com/images/cards/76359406.jpg,Assets/StreamingAssets/Ygo/Art/76359406.jpg,true,pending,Imported from the July 2026 curated deck batch.,Crystron Ametrix,
64880894,Guerreiro Algoz da Poeira Estelar,official,Monstro Sincro,ygoprodeck_nine_deck_batch,extra_deck,,official/c64880894.lua,true,true,https://images.ygoprodeck.com/images/cards/64880894.jpg,Assets/StreamingAssets/Ygo/Art/64880894.jpg,true,pending,Imported from the July 2026 curated deck batch.,Stardust Charge Warrior,
80696379,Dragão Explosão de Meteoros de Olhos Anômalos,official,Monstro Sincro,ygoprodeck_nine_deck_batch,extra_deck,,official/c80696379.lua,true,true,https://images.ygoprodeck.com/images/cards/80696379.jpg,Assets/StreamingAssets/Ygo/Art/80696379.jpg,true,pending,Imported from the July 2026 curated deck batch.,Odd-Eyes Meteorburst Dragon,
37192109,PSÍ-Armação Senhor Zeta,official,Monstro Sincro,ygoprodeck_nine_deck_batch,extra_deck,,official/c37192109.lua,true,true,https://images.ygoprodeck.com/images/cards/37192109.jpg,Assets/StreamingAssets/Ygo/Art/37192109.jpg,true,pending,Imported from the July 2026 curated deck batch.,PSY-Framelord Zeta,
52644170,Arquidemônio Crossmind,official,Monstro Sincro,ygoprodeck_nine_deck_batch,extra_deck,,official/c52644170.lua,true,true,https://images.ygoprodeck.com/images/cards/52644170.jpg,Assets/StreamingAssets/Ygo/Art/52644170.jpg,true,pending,Imported from the July 2026 curated deck batch.,Crossmind Archfiend,
95526884,Hiper Destruidor Psíquico,official,Monstro Sincro,ygoprodeck_nine_deck_batch,extra_deck,,official/c95526884.lua,true,true,https://images.ygoprodeck.com/images/cards/95526884.jpg,Assets/StreamingAssets/Ygo/Art/95526884.jpg,true,pending,Imported from the July 2026 curated deck batch.,Hyper Psychic Blaster,
78144171,"Armado Negro, o Dragão da Aniquilação",official,Monstro Xyz,ygoprodeck_nine_deck_batch,extra_deck,,official/c78144171.lua,true,true,https://images.ygoprodeck.com/images/cards/78144171.jpg,Assets/StreamingAssets/Ygo/Art/78144171.jpg,true,pending,Imported from the July 2026 curated deck batch.,"Dark Armed, the Dragon of Annihilation",
32519092,Monge dos Tenyi,official,Monstro Link,ygoprodeck_nine_deck_batch,extra_deck,,official/c32519092.lua,true,true,https://images.ygoprodeck.com/images/cards/32519092.jpg,Assets/StreamingAssets/Ygo/Art/32519092.jpg,true,pending,Imported from the July 2026 curated deck batch.,Monk of the Tenyi,
70333910,Dragão Notuvisão,official,Monstro de Efeito,ygoprodeck_nine_deck_batch,negation,,official/c70333910.lua,true,true,https://images.ygoprodeck.com/images/cards/70333910.jpg,Assets/StreamingAssets/Ygo/Art/70333910.jpg,true,pending,Imported from the July 2026 curated deck batch.,Noctovision Dragon,
33854624,Bystial Magnamhut,official,Monstro de Efeito,ygoprodeck_nine_deck_batch,quick,,official/c33854624.lua,true,true,https://images.ygoprodeck.com/images/cards/33854624.jpg,Assets/StreamingAssets/Ygo/Art/33854624.jpg,true,pending,Imported from the July 2026 curated deck batch.,Bystial Magnamhut,
72656408,Bystial Baldrake,official,Monstro de Efeito,ygoprodeck_nine_deck_batch,quick,,official/c72656408.lua,true,true,https://images.ygoprodeck.com/images/cards/72656408.jpg,Assets/StreamingAssets/Ygo/Art/72656408.jpg,true,pending,Imported from the July 2026 curated deck batch.,Bystial Baldrake,
31443476,Lançamento Rápido,official,Carta de Magia,ygoprodeck_nine_deck_batch,quick,,official/c31443476.lua,true,true,https://images.ygoprodeck.com/images/cards/31443476.jpg,Assets/StreamingAssets/Ygo/Art/31443476.jpg,true,pending,Imported from the July 2026 curated deck batch.,Quick Launch,
87607094,Reinicialização do Borrel,official,Carta de Armadilha,ygoprodeck_nine_deck_batch,negation,,official/c87607094.lua,true,true,https://images.ygoprodeck.com/images/cards/87607094.jpg,Assets/StreamingAssets/Ygo/Art/87607094.jpg,true,pending,Imported from the July 2026 curated deck batch.,Borrel Reboot,
62265044,Ravina de Dragões,official,Carta de Magia,ygoprodeck_nine_deck_batch,intermediate,,official/c62265044.lua,true,true,https://images.ygoprodeck.com/images/cards/62265044.jpg,Assets/StreamingAssets/Ygo/Art/62265044.jpg,true,pending,Imported from the July 2026 curated deck batch.,Dragon Ravine,
36668118,Lançar Registro de Inicialização,official,Carta de Magia,ygoprodeck_nine_deck_batch,trigger,,official/c36668118.lua,true,true,https://images.ygoprodeck.com/images/cards/36668118.jpg,Assets/StreamingAssets/Ygo/Art/36668118.jpg,true,pending,Imported from the July 2026 curated deck batch.,Boot Sector Launch,
38129297,Intertravamento duplo,official,Carta de Magia,ygoprodeck_nine_deck_batch,intermediate,,official/c38129297.lua,true,true,https://images.ygoprodeck.com/images/cards/38129297.jpg,Assets/StreamingAssets/Ygo/Art/38129297.jpg,true,pending,Imported from the July 2026 curated deck batch.,Double Interlock,
98937206,Detonador de foguete,official,Monstro de Efeito,ygoprodeck_nine_deck_batch,negation,,official/c98937206.lua,true,true,https://images.ygoprodeck.com/images/cards/98937206.jpg,Assets/StreamingAssets/Ygo/Art/98937206.jpg,true,pending,Imported from the July 2026 curated deck batch.,Rokket Detonator,
67127799,Calibre Foguette,official,Monstro Regulador de Efeito,ygoprodeck_nine_deck_batch,intermediate,,official/c67127799.lua,true,true,https://images.ygoprodeck.com/images/cards/67127799.jpg,Assets/StreamingAssets/Ygo/Art/67127799.jpg,true,pending,Imported from the July 2026 curated deck batch.,Rokket Caliber,
68464358,Rastreador Foguette,official,Monstro Regulador de Efeito,ygoprodeck_nine_deck_batch,quick,,official/c68464358.lua,true,true,https://images.ygoprodeck.com/images/cards/68464358.jpg,Assets/StreamingAssets/Ygo/Art/68464358.jpg,true,pending,Imported from the July 2026 curated deck batch.,Rokket Tracer,
25554552,Carregador de foguetes,official,Monstro de Efeito,ygoprodeck_nine_deck_batch,trigger,,official/c25554552.lua,true,true,https://images.ygoprodeck.com/images/cards/25554552.jpg,Assets/StreamingAssets/Ygo/Art/25554552.jpg,true,pending,Imported from the July 2026 curated deck batch.,Rokket Loader,
51548207,Dragão Hollowrokket,official,Monstro de Efeito,ygoprodeck_nine_deck_batch,quick,,official/c51548207.lua,true,true,https://images.ygoprodeck.com/images/cards/51548207.jpg,Assets/StreamingAssets/Ygo/Art/51548207.jpg,true,pending,Imported from the July 2026 curated deck batch.,Hollowrokket Dragon,
67748760,Dragão Absoroteador,official,Monstro de Efeito,ygoprodeck_nine_deck_batch,trigger,,official/c67748760.lua,true,true,https://images.ygoprodeck.com/images/cards/67748760.jpg,Assets/StreamingAssets/Ygo/Art/67748760.jpg,true,pending,Imported from the July 2026 curated deck batch.,Absorouter Dragon,
89812483,Max Metalmorfo,official,Carta de Armadilha,ygoprodeck_nine_deck_batch,intermediate,,official/c89812483.lua,true,true,https://images.ygoprodeck.com/images/cards/89812483.jpg,Assets/StreamingAssets/Ygo/Art/89812483.jpg,true,pending,Imported from the July 2026 curated deck batch.,Max Metalmorph,
80870883,Dragão Fullmetal Preto de Olhos Vermelhos,official,Monstro de Efeito,ygoprodeck_nine_deck_batch,negation,,official/c80870883.lua,true,true,https://images.ygoprodeck.com/images/cards/80870883.jpg,Assets/StreamingAssets/Ygo/Art/80870883.jpg,true,pending,Imported from the July 2026 curated deck batch.,Red-Eyes Black Fullmetal Dragon,
88264978,Dragão Metálico das Trevas de Olhos Vermelhos,official,Monstro de Efeito,ygoprodeck_nine_deck_batch,intermediate,,official/c88264978.lua,true,true,https://images.ygoprodeck.com/images/cards/88264978.jpg,Assets/StreamingAssets/Ygo/Art/88264978.jpg,true,pending,Imported from the July 2026 curated deck batch.,Red-Eyes Darkness Metal Dragon,
6637331,Druiswurm Bystial,official,Monstro de Efeito,ygoprodeck_nine_deck_batch,quick,,official/c6637331.lua,true,true,https://images.ygoprodeck.com/images/cards/6637331.jpg,Assets/StreamingAssets/Ygo/Art/6637331.jpg,true,pending,Imported from the July 2026 curated deck batch.,Bystial Druiswurm,
24299458,Gota Proibida,official,Carta de Magia,ygoprodeck_nine_deck_batch,negation,,official/c24299458.lua,true,true,https://images.ygoprodeck.com/images/cards/24299458.jpg,Assets/StreamingAssets/Ygo/Art/24299458.jpg,true,pending,Imported from the July 2026 curated deck batch.,Forbidden Droplet,
81439173,Enterro Tolo,official,Carta de Magia,ygoprodeck_nine_deck_batch,intermediate,,official/c81439173.lua,true,true,https://images.ygoprodeck.com/images/cards/81439173.jpg,Assets/StreamingAssets/Ygo/Art/81439173.jpg,true,pending,Imported from the July 2026 curated deck batch.,Foolish Burial,
48355999,Foguette Sincron,official,Monstro Regulador de Efeito,ygoprodeck_nine_deck_batch,negation,,official/c48355999.lua,true,true,https://images.ygoprodeck.com/images/cards/48355999.jpg,Assets/StreamingAssets/Ygo/Art/48355999.jpg,true,pending,Imported from the July 2026 curated deck batch.,Rokket Synchron,
27572350,Bystial Dis Pater,official,Monstro Sincro,ygoprodeck_nine_deck_batch,extra_deck,,official/c27572350.lua,true,true,https://images.ygoprodeck.com/images/cards/27572350.jpg,Assets/StreamingAssets/Ygo/Art/27572350.jpg,true,pending,Imported from the July 2026 curated deck batch.,Bystial Dis Pater,
16886617,Vaskii Reptiliana,official,Monstro de Efeito,ygoprodeck_nine_deck_batch,intermediate,,official/c16886617.lua,true,true,https://images.ygoprodeck.com/images/cards/16886617.jpg,Assets/StreamingAssets/Ygo/Art/16886617.jpg,true,pending,Imported from the July 2026 curated deck batch.,Reptilianne Vaskii,
89810518,Medusa Reptiliana,official,Monstro de Efeito,ygoprodeck_nine_deck_batch,intermediate,,official/c89810518.lua,true,true,https://images.ygoprodeck.com/images/cards/89810518.jpg,Assets/StreamingAssets/Ygo/Art/89810518.jpg,true,pending,Imported from the July 2026 curated deck batch.,Reptilianne Medusa,
89594399,Coatl Reptiliana,official,Monstro Regulador de Efeito,ygoprodeck_nine_deck_batch,trigger,,official/c89594399.lua,true,true,https://images.ygoprodeck.com/images/cards/89594399.jpg,Assets/StreamingAssets/Ygo/Art/89594399.jpg,true,pending,Imported from the July 2026 curated deck batch.,Reptilianne Coatl,
43002864,Reptiliano Gardna,official,Monstro de Efeito,ygoprodeck_nine_deck_batch,trigger,,official/c43002864.lua,true,true,https://images.ygoprodeck.com/images/cards/43002864.jpg,Assets/StreamingAssets/Ygo/Art/43002864.jpg,true,pending,Imported from the July 2026 curated deck batch.,Reptilianne Gardna,
42090294,Nyami Reptiliana,official,Monstro de Efeito,ygoprodeck_nine_deck_batch,quick,,official/c42090294.lua,true,true,https://images.ygoprodeck.com/images/cards/42090294.jpg,Assets/StreamingAssets/Ygo/Art/42090294.jpg,true,pending,Imported from the July 2026 curated deck batch.,Reptilianne Nyami,
57647597,Lâmia Reptiliana,official,Monstro Regulador de Efeito,ygoprodeck_nine_deck_batch,trigger,,official/c57647597.lua,true,true,https://images.ygoprodeck.com/images/cards/57647597.jpg,Assets/StreamingAssets/Ygo/Art/57647597.jpg,true,pending,Imported from the July 2026 curated deck batch.,Reptilianne Lamia,
91580102,Fúria Reptiliana,official,Carta de Magia,ygoprodeck_nine_deck_batch,trigger,,official/c91580102.lua,true,true,https://images.ygoprodeck.com/images/cards/91580102.jpg,Assets/StreamingAssets/Ygo/Art/91580102.jpg,true,pending,Imported from the July 2026 curated deck batch.,Reptilianne Rage,
17000165,Ressalto Reptiliano,official,Carta de Magia,ygoprodeck_nine_deck_batch,trigger,,official/c17000165.lua,true,true,https://images.ygoprodeck.com/images/cards/17000165.jpg,Assets/StreamingAssets/Ygo/Art/17000165.jpg,true,pending,Imported from the July 2026 curated deck batch.,Reptilianne Recoil,
90576781,Veneno Reptiliano,official,Carta de Magia,ygoprodeck_nine_deck_batch,trigger,,official/c90576781.lua,true,true,https://images.ygoprodeck.com/images/cards/90576781.jpg,Assets/StreamingAssets/Ygo/Art/90576781.jpg,true,pending,Imported from the July 2026 curated deck batch.,Reptilianne Poison,
81615450,Ramificações Reptilianas,official,Carta de Magia,ygoprodeck_nine_deck_batch,intermediate,,official/c81615450.lua,true,true,https://images.ygoprodeck.com/images/cards/81615450.jpg,Assets/StreamingAssets/Ygo/Art/81615450.jpg,true,pending,Imported from the July 2026 curated deck batch.,Reptilianne Ramifications,
21179143,Prole Reptiliana,official,Carta de Magia,ygoprodeck_nine_deck_batch,intermediate,,official/c21179143.lua,true,true,https://images.ygoprodeck.com/images/cards/21179143.jpg,Assets/StreamingAssets/Ygo/Art/21179143.jpg,true,pending,Imported from the July 2026 curated deck batch.,Reptilianne Spawn,
97565997,"Ogdoabyss, o Suserano Ogdoádico",official,Monstro de Efeito,ygoprodeck_nine_deck_batch,quick,,official/c97565997.lua,true,true,https://images.ygoprodeck.com/images/cards/97565997.jpg,Assets/StreamingAssets/Ygo/Art/97565997.jpg,true,pending,Imported from the July 2026 curated deck batch.,"Ogdoabyss, the Ogdoadic Overlord",
61160289,"Amunessia, a Rainha Ogdoádica",official,Monstro de Efeito,ygoprodeck_nine_deck_batch,trigger,,official/c61160289.lua,true,true,https://images.ygoprodeck.com/images/cards/61160289.jpg,Assets/StreamingAssets/Ygo/Art/61160289.jpg,true,pending,Imported from the July 2026 curated deck batch.,"Amunessia, the Ogdoadic Queen",
35998832,"Zohah, o Infinito Ogdoádico",official,Monstro de Efeito,ygoprodeck_nine_deck_batch,trigger,,official/c35998832.lua,true,true,https://images.ygoprodeck.com/images/cards/35998832.jpg,Assets/StreamingAssets/Ygo/Art/35998832.jpg,true,pending,Imported from the July 2026 curated deck batch.,"Zohah, the Ogdoadic Boundless",
62405028,"Nauya, o Remanescente Ogdoádico",official,Monstro de Efeito,ygoprodeck_nine_deck_batch,trigger,,official/c62405028.lua,true,true,https://images.ygoprodeck.com/images/cards/62405028.jpg,Assets/StreamingAssets/Ygo/Art/62405028.jpg,true,pending,Imported from the July 2026 curated deck batch.,"Nauya, the Ogdoadic Remnant",
36010310,"Nunu, o Remanescente Ogdoádico",official,Monstro de Efeito,ygoprodeck_nine_deck_batch,trigger,,official/c36010310.lua,true,true,https://images.ygoprodeck.com/images/cards/36010310.jpg,Assets/StreamingAssets/Ygo/Art/36010310.jpg,true,pending,Imported from the July 2026 curated deck batch.,"Nunu, the Ogdoadic Remnant",
60448701,Origem Ogdoádica,official,Carta de Magia,ygoprodeck_nine_deck_batch,trigger,,official/c60448701.lua,true,true,https://images.ygoprodeck.com/images/cards/60448701.jpg,Assets/StreamingAssets/Ygo/Art/60448701.jpg,true,pending,Imported from the July 2026 curated deck batch.,Ogdoadic Origin,
24050692,Nenúfar Ogdoádico,official,Carta de Magia,ygoprodeck_nine_deck_batch,trigger,,official/c24050692.lua,true,true,https://images.ygoprodeck.com/images/cards/24050692.jpg,Assets/StreamingAssets/Ygo/Art/24050692.jpg,true,pending,Imported from the July 2026 curated deck batch.,Ogdoadic Water Lily,
78789356,Alvorada Ogdoádica,official,Carta de Magia,ygoprodeck_nine_deck_batch,quick,,official/c78789356.lua,true,true,https://images.ygoprodeck.com/images/cards/78789356.jpg,Assets/StreamingAssets/Ygo/Art/78789356.jpg,true,pending,Imported from the July 2026 curated deck batch.,Ogdoadic Daybreak,
17189677,Chuva de Serpentes,official,Carta de Magia,ygoprodeck_nine_deck_batch,intermediate,,official/c17189677.lua,true,true,https://images.ygoprodeck.com/images/cards/17189677.jpg,Assets/StreamingAssets/Ygo/Art/17189677.jpg,true,pending,Imported from the July 2026 curated deck batch.,Snake Rain,
20295753,Serpente da Espada Noturna,official,Monstro de Efeito,ygoprodeck_nine_deck_batch,trigger,,official/c20295753.lua,true,true,https://images.ygoprodeck.com/images/cards/20295753.jpg,Assets/StreamingAssets/Ygo/Art/20295753.jpg,true,pending,Imported from the July 2026 curated deck batch.,Night Sword Serpent,
46518210,"Nephilabyss, o Soberano Ogdoádico",official,Monstro de Efeito,ygoprodeck_nine_deck_batch,trigger,,official/c46518210.lua,true,true,https://images.ygoprodeck.com/images/cards/46518210.jpg,Assets/StreamingAssets/Ygo/Art/46518210.jpg,true,pending,Imported from the July 2026 curated deck batch.,"Nephilabyss, the Ogdoadic Overlord",
64973456,Renascimento da Víbora,official,Carta de Magia,ygoprodeck_nine_deck_batch,trigger,,official/c64973456.lua,true,true,https://images.ygoprodeck.com/images/cards/64973456.jpg,Assets/StreamingAssets/Ygo/Art/64973456.jpg,true,pending,Imported from the July 2026 curated deck batch.,Viper's Rebirth,
96203584,Golpe da Serpente Ogdoádica,official,Carta de Magia,ygoprodeck_nine_deck_batch,continuous,,official/c96203584.lua,true,true,https://images.ygoprodeck.com/images/cards/96203584.jpg,Assets/StreamingAssets/Ygo/Art/96203584.jpg,true,pending,Imported from the July 2026 curated deck batch.,Ogdoadic Serpent Strike,
23837054,Chamado Ogdoádico,official,Carta de Armadilha,ygoprodeck_nine_deck_batch,trigger,,official/c23837054.lua,true,true,https://images.ygoprodeck.com/images/cards/23837054.jpg,Assets/StreamingAssets/Ygo/Art/23837054.jpg,true,pending,Imported from the July 2026 curated deck batch.,Ogdoadic Calling,
32138660,Melusina Reptiliana,official,Monstro Sincro,ygoprodeck_nine_deck_batch,extra_deck,,official/c32138660.lua,true,true,https://images.ygoprodeck.com/images/cards/32138660.jpg,Assets/StreamingAssets/Ygo/Art/32138660.jpg,true,pending,Imported from the July 2026 curated deck batch.,Reptilianne Melusine,
60634565,Hidra Reptiliana,official,Monstro Sincro,ygoprodeck_nine_deck_batch,extra_deck,,official/c60634565.lua,true,true,https://images.ygoprodeck.com/images/cards/60634565.jpg,Assets/StreamingAssets/Ygo/Art/60634565.jpg,true,pending,Imported from the July 2026 curated deck batch.,Reptilianne Hydra,
8602351,Equidna Reptiliana,official,Monstro Link,ygoprodeck_nine_deck_batch,extra_deck,,official/c8602351.lua,true,true,https://images.ygoprodeck.com/images/cards/8602351.jpg,Assets/StreamingAssets/Ygo/Art/8602351.jpg,true,pending,Imported from the July 2026 curated deck batch.,Reptilianne Echidna,
74974229,Tropa de Choque Alienígena Armação-M,official,Monstro Link,ygoprodeck_nine_deck_batch,extra_deck,,official/c74974229.lua,true,true,https://images.ygoprodeck.com/images/cards/74974229.jpg,Assets/StreamingAssets/Ygo/Art/74974229.jpg,true,pending,Imported from the July 2026 curated deck batch.,Alien Shocktrooper M-Frame,
94160895,"Mariamne, a Verdadeira Dracofênix",official,Monstro de Efeito,ygoprodeck_nine_deck_batch,trigger,,official/c94160895.lua,true,true,https://images.ygoprodeck.com/images/cards/94160895.jpg,Assets/StreamingAssets/Ygo/Art/94160895.jpg,true,pending,Imported from the July 2026 curated deck batch.,"Mariamne, the True Dracophoenix",
46272804,Lancer Lindworm,official,Monstro de Efeito,ygoprodeck_nine_deck_batch,trigger,,official/c46272804.lua,true,true,https://images.ygoprodeck.com/images/cards/46272804.jpg,Assets/StreamingAssets/Ygo/Art/46272804.jpg,true,pending,Imported from the July 2026 curated deck batch.,Lancer Lindwurm,
99865167,Efígie do Vento,official,Monstro de Efeito,ygoprodeck_nine_deck_batch,intermediate,,official/c99865167.lua,true,true,https://images.ygoprodeck.com/images/cards/99865167.jpg,Assets/StreamingAssets/Ygo/Art/99865167.jpg,true,pending,Imported from the July 2026 curated deck batch.,Wind Effigy,
18377261,Ha-Re a Espada Mikanko,official,Monstro de Efeito,ygoprodeck_nine_deck_batch,trigger,,official/c18377261.lua,true,true,https://images.ygoprodeck.com/images/cards/18377261.jpg,Assets/StreamingAssets/Ygo/Art/18377261.jpg,true,pending,Imported from the July 2026 curated deck batch.,Ha-Re the Sword Mikanko,
6327734,"Hu-Li, a joia Mikanko",official,Monstro de Efeito,ygoprodeck_nine_deck_batch,trigger,,official/c6327734.lua,true,true,https://images.ygoprodeck.com/images/cards/6327734.jpg,Assets/StreamingAssets/Ygo/Art/6327734.jpg,true,pending,Imported from the July 2026 curated deck batch.,Hu-Li the Jewel Mikanko,
54862960,"Ni-Ni, o Espelho Mikanko",official,Monstro de Efeito,ygoprodeck_nine_deck_batch,quick,,official/c54862960.lua,true,true,https://images.ygoprodeck.com/images/cards/54862960.jpg,Assets/StreamingAssets/Ygo/Art/54862960.jpg,true,pending,Imported from the July 2026 curated deck batch.,Ni-Ni the Mirror Mikanko,
11161666,"Sanaki, o Devoto Mikanko",official,Monstro de Efeito,ygoprodeck_nine_deck_batch,trigger,,official/c11161666.lua,true,true,https://images.ygoprodeck.com/images/cards/11161666.jpg,Assets/StreamingAssets/Ygo/Art/11161666.jpg,true,pending,Imported from the July 2026 curated deck batch.,Sanaki the Mikanko Devotee,
75771170,"Arahime, o Mikanko Manifestado",official,Monstro de Ritual,ygoprodeck_nine_deck_batch,trigger,,official/c75771170.lua,true,true,https://images.ygoprodeck.com/images/cards/75771170.jpg,Assets/StreamingAssets/Ygo/Art/75771170.jpg,true,pending,Imported from the July 2026 curated deck batch.,Arahime the Manifested Mikanko,
81260679,"Ohime, o Mikanko Manifestado",official,Monstro de Ritual,ygoprodeck_nine_deck_batch,quick,,official/c81260679.lua,true,true,https://images.ygoprodeck.com/images/cards/81260679.jpg,Assets/StreamingAssets/Ygo/Art/81260679.jpg,true,pending,Imported from the July 2026 curated deck batch.,Ohime the Manifested Mikanko,
84257640,"Dian Keto, Mestre da Cura",official,Carta de Magia,ygoprodeck_nine_deck_batch,intermediate,,official/c84257639.lua,true,true,https://images.ygoprodeck.com/images/cards/84257640.jpg,Assets/StreamingAssets/Ygo/Art/84257640.jpg,true,pending,Imported from the July 2026 curated deck batch.,Dian Keto the Cure Master,84257639
44649322,A Grande Cerimônia Mikanko,official,Carta de Magia,ygoprodeck_nine_deck_batch,quick,,official/c44649322.lua,true,true,https://images.ygoprodeck.com/images/cards/44649322.jpg,Assets/StreamingAssets/Ygo/Art/44649322.jpg,true,pending,Imported from the July 2026 curated deck batch.,The Great Mikanko Ceremony,
17255673,Portão Celestial do Mikanko,official,Carta de Magia,ygoprodeck_nine_deck_batch,trigger,,official/c17255673.lua,true,true,https://images.ygoprodeck.com/images/cards/17255673.jpg,Assets/StreamingAssets/Ygo/Art/17255673.jpg,true,pending,Imported from the July 2026 curated deck batch.,Heavenly Gate of the Mikanko,
57736667,Dança Mikanko - Mayowashidori,official,Carta de Magia,ygoprodeck_nine_deck_batch,trigger,,official/c57736667.lua,true,true,https://images.ygoprodeck.com/images/cards/57736667.jpg,Assets/StreamingAssets/Ygo/Art/57736667.jpg,true,pending,Imported from the July 2026 curated deck batch.,Mikanko Dance - Mayowashidori,
80044027,Dança do Fogo Mikanko,official,Carta de Magia,ygoprodeck_nine_deck_batch,negation,,official/c80044027.lua,true,true,https://images.ygoprodeck.com/images/cards/80044027.jpg,Assets/StreamingAssets/Ygo/Art/80044027.jpg,true,pending,Imported from the July 2026 curated deck batch.,Mikanko Fire Dance,
16433136,Dança de Purificação Mikanko,official,Carta de Magia,ygoprodeck_nine_deck_batch,trigger,,official/c16433136.lua,true,true,https://images.ygoprodeck.com/images/cards/16433136.jpg,Assets/StreamingAssets/Ygo/Art/16433136.jpg,true,pending,Imported from the July 2026 curated deck batch.,Mikanko Purification Dance,
79912449,Mikanko Reflexão Rondo,official,Carta de Magia,ygoprodeck_nine_deck_batch,trigger,,official/c79912449.lua,true,true,https://images.ygoprodeck.com/images/cards/79912449.jpg,Assets/StreamingAssets/Ygo/Art/79912449.jpg,true,pending,Imported from the July 2026 curated deck batch.,Mikanko Reflection Rondo,
43527730,Arabesco de Água Mikanko,official,Carta de Magia,ygoprodeck_nine_deck_batch,trigger,,official/c43527730.lua,true,true,https://images.ygoprodeck.com/images/cards/43527730.jpg,Assets/StreamingAssets/Ygo/Art/43527730.jpg,true,pending,Imported from the July 2026 curated deck batch.,Mikanko Water Arabesque,
16310544,Mikanko Kagura,official,Monstro de Ritual,ygoprodeck_nine_deck_batch,trigger,,official/c16310544.lua,true,true,https://images.ygoprodeck.com/images/cards/16310544.jpg,Assets/StreamingAssets/Ygo/Art/16310544.jpg,true,pending,Imported from the July 2026 curated deck batch.,Mikanko Kagura,
42705243,Promessa Mikanko,official,Carta de Armadilha,ygoprodeck_nine_deck_batch,trigger,,official/c42705243.lua,true,true,https://images.ygoprodeck.com/images/cards/42705243.jpg,Assets/StreamingAssets/Ygo/Art/42705243.jpg,true,pending,Imported from the July 2026 curated deck batch.,Mikanko Promise,
78199891,Rivalidade Mikanko,official,Carta de Armadilha,ygoprodeck_nine_deck_batch,trigger,,official/c78199891.lua,true,true,https://images.ygoprodeck.com/images/cards/78199891.jpg,Assets/StreamingAssets/Ygo/Art/78199891.jpg,true,pending,Imported from the July 2026 curated deck batch.,Mikanko Rivalry,
53174748,Caminhada Espiritual Mikanko,official,Carta de Armadilha,ygoprodeck_nine_deck_batch,trigger,,official/c53174748.lua,true,true,https://images.ygoprodeck.com/images/cards/53174748.jpg,Assets/StreamingAssets/Ygo/Art/53174748.jpg,true,pending,Imported from the July 2026 curated deck batch.,Mikanko Spiritwalk,
99188141,A Enorme Revolução Terminou,official,Carta de Armadilha,ygoprodeck_nine_deck_batch,negation,,official/c99188141.lua,true,true,https://images.ygoprodeck.com/images/cards/99188141.jpg,Assets/StreamingAssets/Ygo/Art/99188141.jpg,true,pending,Imported from the July 2026 curated deck batch.,The Huge Revolution is Over,
402416,Obliterar!!! Chama,official,Carta de Magia,august-2026-nine-deck-batch,quick,,official/c402416.lua,true,true,https://images.ygoprodeck.com/images/cards/402416.jpg,Assets/StreamingAssets/Ygo/Art/402416.jpg,false,pending,Imported from august-2026-nine-deck-batch.,Obliterate!!! Blaze,
1142880,Dragão Cibernético Nachster,official,Monstro de Efeito,august-2026-nine-deck-batch,trigger,,official/c1142880.lua,true,true,https://images.ygoprodeck.com/images/cards/1142880.jpg,Assets/StreamingAssets/Ygo/Art/1142880.jpg,false,pending,Imported from august-2026-nine-deck-batch.,Cyber Dragon Nachster,
1157683,Invasão Cibersombria,official,Carta de Armadilha,august-2026-nine-deck-batch,continuous,,official/c1157683.lua,true,true,https://images.ygoprodeck.com/images/cards/1157683.jpg,Assets/StreamingAssets/Ygo/Art/1157683.jpg,false,pending,Imported from august-2026-nine-deck-batch.,Cyberdark Invasion,
1546123,Dragão Final Cibernético,official,Monstro de Fusão,august-2026-nine-deck-batch,extra_deck,,official/c1546123.lua,true,true,https://images.ygoprodeck.com/images/cards/1546123.jpg,Assets/StreamingAssets/Ygo/Art/1546123.jpg,false,pending,Imported from august-2026-nine-deck-batch.,Cyber End Dragon,
2009101,"Asanegra - Ventoa, o Furacão",official,Monstro Regulador de Efeito,august-2026-nine-deck-batch,trigger,,official/c2009101.lua,true,true,https://images.ygoprodeck.com/images/cards/2009101.jpg,Assets/StreamingAssets/Ygo/Art/2009101.jpg,false,pending,Imported from august-2026-nine-deck-batch.,Blackwing - Gale the Whirlwind,
2314238,Ataque da Magia Negra,official,Carta de Magia,august-2026-nine-deck-batch,trigger,,official/c2314238.lua,true,true,https://images.ygoprodeck.com/images/cards/2314238.jpg,Assets/StreamingAssets/Ygo/Art/2314238.jpg,false,pending,Imported from august-2026-nine-deck-batch.,Dark Magic Attack,
2783661,Majestade com Azul nos Olhos,official,Carta de Magia,august-2026-nine-deck-batch,quick,,official/c2783661.lua,true,true,https://images.ygoprodeck.com/images/cards/2783661.jpg,Assets/StreamingAssets/Ygo/Art/2783661.jpg,false,pending,Imported from august-2026-nine-deck-batch.,Majesty with Eyes of Blue,
3019642,Enquilha Cibersombria,official,Monstro de Efeito,august-2026-nine-deck-batch,trigger,,official/c3019642.lua,true,true,https://images.ygoprodeck.com/images/cards/3019642.jpg,Assets/StreamingAssets/Ygo/Art/3019642.jpg,false,pending,Imported from august-2026-nine-deck-batch.,Cyberdark Keel,
3370104,Fênix Cibernética,official,Monstro de Efeito,august-2026-nine-deck-batch,negation,,official/c3370104.lua,true,true,https://images.ygoprodeck.com/images/cards/3370104.jpg,Assets/StreamingAssets/Ygo/Art/3370104.jpg,false,pending,Imported from august-2026-nine-deck-batch.,Cyber Phoenix,
3657444,Cibervale,official,Monstro de Efeito,august-2026-nine-deck-batch,trigger,,official/c3657444.lua,true,true,https://images.ygoprodeck.com/images/cards/3657444.jpg,Assets/StreamingAssets/Ygo/Art/3657444.jpg,false,pending,Imported from august-2026-nine-deck-batch.,Cyber Valley,
3659803,Fusão Sobrecarregada,official,Carta de Magia,august-2026-nine-deck-batch,intermediate,,official/c3659803.lua,true,true,https://images.ygoprodeck.com/images/cards/3659803.jpg,Assets/StreamingAssets/Ygo/Art/3659803.jpg,false,pending,Imported from august-2026-nine-deck-batch.,Overload Fusion,
5370235,Quimera Cibersombria,official,Monstro de Efeito,august-2026-nine-deck-batch,trigger,,official/c5370235.lua,true,true,https://images.ygoprodeck.com/images/cards/5370235.jpg,Assets/StreamingAssets/Ygo/Art/5370235.jpg,false,pending,Imported from august-2026-nine-deck-batch.,Cyberdark Chimera,
5373478,Dragão Cibernético Zwei,official,Monstro de Efeito,august-2026-nine-deck-batch,trigger,,official/c5373478.lua,true,true,https://images.ygoprodeck.com/images/cards/5373478.jpg,Assets/StreamingAssets/Ygo/Art/5373478.jpg,false,pending,Imported from august-2026-nine-deck-batch.,Cyber Dragon Zwei,
5376159,Reino Vermelho,official,Carta de Armadilha,august-2026-nine-deck-batch,trigger,,official/c5376159.lua,true,true,https://images.ygoprodeck.com/images/cards/5376159.jpg,Assets/StreamingAssets/Ygo/Art/5376159.jpg,false,pending,Imported from august-2026-nine-deck-batch.,Red Reign,
5780210,Ressonador da Criação,official,Monstro Regulador de Efeito,august-2026-nine-deck-batch,trigger,,official/c5780210.lua,true,true,https://images.ygoprodeck.com/images/cards/5780210.jpg,Assets/StreamingAssets/Ygo/Art/5780210.jpg,false,pending,Imported from august-2026-nine-deck-batch.,Creation Resonator,
5829717,"Mago Negro, o Cavaleiro da Magia do Dragão",official,Monstro de Fusão,august-2026-nine-deck-batch,extra_deck,,official/c5829717.lua,true,true,https://images.ygoprodeck.com/images/cards/5829717.jpg,Assets/StreamingAssets/Ygo/Art/5829717.jpg,false,pending,Imported from august-2026-nine-deck-batch.,Dark Magician the Knight of Dragon Magic,
6498706,Implantar Fusão,official,Carta de Magia,august-2026-nine-deck-batch,intermediate,,official/c6498706.lua,true,true,https://images.ygoprodeck.com/images/cards/6498706.jpg,Assets/StreamingAssets/Ygo/Art/6498706.jpg,false,pending,Imported from august-2026-nine-deck-batch.,Fusion Deployment,
7459919,"Asanegra - Zonda, o Crepúsculo",official,Monstro de Efeito,august-2026-nine-deck-batch,trigger,,official/c7459919.lua,true,true,https://images.ygoprodeck.com/images/cards/7459919.jpg,Assets/StreamingAssets/Ygo/Art/7459919.jpg,false,pending,Imported from august-2026-nine-deck-batch.,Blackwing - Zonda the Dusk,
7602800,Redemoinho de Penas Negras,official,Carta de Magia,august-2026-nine-deck-batch,continuous,,official/c7602800.lua,true,true,https://images.ygoprodeck.com/images/cards/7602800.jpg,Assets/StreamingAssets/Ygo/Art/7602800.jpg,false,pending,Imported from august-2026-nine-deck-batch.,Black Feather Whirlwind,
7902349,"Braço Esquerdo de ""O Proibido""",official,Monstro Normal,august-2026-nine-deck-batch,simple,,,not_required_no_effect,true,https://images.ygoprodeck.com/images/cards/7902349.jpg,Assets/StreamingAssets/Ygo/Art/7902349.jpg,false,pending,Imported from august-2026-nine-deck-batch.,Left Arm of the Forbidden One,
8124921,"Perna Direita de ""O Proibido""",official,Monstro Normal,august-2026-nine-deck-batch,simple,,,not_required_no_effect,true,https://images.ygoprodeck.com/images/cards/8124921.jpg,Assets/StreamingAssets/Ygo/Art/8124921.jpg,false,pending,Imported from august-2026-nine-deck-batch.,Right Leg of the Forbidden One,
8559524,Comandar Ressonador,official,Carta de Magia,august-2026-nine-deck-batch,quick,,official/c8559524.lua,true,true,https://images.ygoprodeck.com/images/cards/8559524.jpg,Assets/StreamingAssets/Ygo/Art/8559524.jpg,false,pending,Imported from august-2026-nine-deck-batch.,Resonator Command,
8571567,"Asanegra - Shamal, a Tempestade de Areia",official,Monstro Regulador de Efeito,august-2026-nine-deck-batch,trigger,,official/c8571567.lua,true,true,https://images.ygoprodeck.com/images/cards/8571567.jpg,Assets/StreamingAssets/Ygo/Art/8571567.jpg,false,pending,Imported from august-2026-nine-deck-batch.,Blackwing - Shamal the Sandstorm,
8978197,Real Senhor dos Dragões,official,Monstro de Efeito,august-2026-nine-deck-batch,trigger,,official/c8978197.lua,true,true,https://images.ygoprodeck.com/images/cards/8978197.jpg,Assets/StreamingAssets/Ygo/Art/8978197.jpg,false,pending,Imported from august-2026-nine-deck-batch.,The King of D.,
9012916,Dragão de Asas Negras,official,Monstro Sincro,august-2026-nine-deck-batch,extra_deck,,official/c9012916.lua,true,true,https://images.ygoprodeck.com/images/cards/9012916.jpg,Assets/StreamingAssets/Ygo/Art/9012916.jpg,false,pending,Imported from august-2026-nine-deck-batch.,Black-Winged Dragon,
9047460,"Asanegra - Vapor, o Manto",official,Monstro Regulador de Efeito,august-2026-nine-deck-batch,trigger,,official/c9047460.lua,true,true,https://images.ygoprodeck.com/images/cards/9047460.jpg,Assets/StreamingAssets/Ygo/Art/9047460.jpg,false,pending,Imported from august-2026-nine-deck-batch.,Blackwing - Steam the Cloak,
9753964,Abrasador Dragão Vermelho Arquidemônio do Abismo,official,Monstro Sincro,august-2026-nine-deck-batch,extra_deck,,official/c9753964.lua,true,true,https://images.ygoprodeck.com/images/cards/9753964.jpg,Assets/StreamingAssets/Ygo/Art/9753964.jpg,false,pending,Imported from august-2026-nine-deck-batch.,Hot Red Dragon Archfiend Abyss,
10602628,"Asanegra – Tempestade de Borea, o Vento Perverso",official,Monstro Sincro,august-2026-nine-deck-batch,extra_deck,,official/c10602628.lua,true,true,https://images.ygoprodeck.com/images/cards/10602628.jpg,Assets/StreamingAssets/Ygo/Art/10602628.jpg,false,pending,Imported from august-2026-nine-deck-batch.,Blackwing - Boreastorm the Wicked Wind,
10817524,Primeiro dos Dragões,official,Monstro de Fusão,august-2026-nine-deck-batch,extra_deck,,official/c10817524.lua,true,true,https://images.ygoprodeck.com/images/cards/10817524.jpg,Assets/StreamingAssets/Ygo/Art/10817524.jpg,false,pending,Imported from august-2026-nine-deck-batch.,First of the Dragons,
11443677,Dragão Tirano de Olhos Azuis,official,Monstro de Fusão,august-2026-nine-deck-batch,extra_deck,,official/c11443677.lua,true,true,https://images.ygoprodeck.com/images/cards/11443677.jpg,Assets/StreamingAssets/Ygo/Art/11443677.jpg,false,pending,Imported from august-2026-nine-deck-batch.,Blue-Eyes Tyrant Dragon,
11825276,"Meizen, o Ninja de Batalha",official,Monstro de Fusão,august-2026-nine-deck-batch,extra_deck,,official/c11825276.lua,true,true,https://images.ygoprodeck.com/images/cards/11825276.jpg,Assets/StreamingAssets/Ygo/Art/11825276.jpg,false,pending,Imported from august-2026-nine-deck-batch.,Meizen the Battle Ninja,
11827244,Fusão Magicalizada,official,Carta de Magia,august-2026-nine-deck-batch,intermediate,,official/c11827244.lua,true,true,https://images.ygoprodeck.com/images/cards/11827244.jpg,Assets/StreamingAssets/Ygo/Art/11827244.jpg,false,pending,Imported from august-2026-nine-deck-batch.,Magicalized Fusion,
12923641,Espadas da Luz Oculta,official,Carta de Magia,august-2026-nine-deck-batch,continuous,,official/c12923641.lua,true,true,https://images.ygoprodeck.com/images/cards/12923641.jpg,Assets/StreamingAssets/Ygo/Art/12923641.jpg,false,pending,Imported from august-2026-nine-deck-batch.,Swords of Concealing Light,
13171876,Dragãozela Lavadeira,official,Monstro de Efeito,august-2026-nine-deck-batch,trigger,,official/c13171876.lua,true,true,https://images.ygoprodeck.com/images/cards/13171876.jpg,Assets/StreamingAssets/Ygo/Art/13171876.jpg,false,pending,Imported from august-2026-nine-deck-batch.,Laundry Dragonmaid,
13298352,"Yagumaru, o Ninja da Armadura",official,Monstro de Fusão,august-2026-nine-deck-batch,extra_deck,,official/c13298352.lua,true,true,https://images.ygoprodeck.com/images/cards/13298352.jpg,Assets/StreamingAssets/Ygo/Art/13298352.jpg,false,pending,Imported from august-2026-nine-deck-batch.,Yaguramaru the Armor Ninja,
14625090,Bem-vindas Dragãozelas,official,Carta de Magia,august-2026-nine-deck-batch,continuous,,official/c14625090.lua,true,true,https://images.ygoprodeck.com/images/cards/14625090.jpg,Assets/StreamingAssets/Ygo/Art/14625090.jpg,false,pending,Imported from august-2026-nine-deck-batch.,Dragonmaid Welcome,
14785765,"Asanegra - Zéfiro, a Elite",official,Monstro de Efeito,august-2026-nine-deck-batch,trigger,,official/c14785765.lua,true,true,https://images.ygoprodeck.com/images/cards/14785765.jpg,Assets/StreamingAssets/Ygo/Art/14785765.jpg,false,pending,Imported from august-2026-nine-deck-batch.,Blackwing - Zephyros the Elite,
15198996,Ninja Verde,official,Monstro de Efeito,august-2026-nine-deck-batch,trigger,,official/c15198996.lua,true,true,https://images.ygoprodeck.com/images/cards/15198996.jpg,Assets/StreamingAssets/Ygo/Art/15198996.jpg,false,pending,Imported from august-2026-nine-deck-batch.,Green Ninja,
15397015,Inspetor Prancha,official,Monstro de Efeito,august-2026-nine-deck-batch,negation,,official/c15397015.lua,true,true,https://images.ygoprodeck.com/images/cards/15397015.jpg,Assets/StreamingAssets/Ygo/Art/15397015.jpg,false,pending,Imported from august-2026-nine-deck-batch.,Inspector Boarder,
15848542,Dragãozela Tervesen,official,Monstro de Efeito,august-2026-nine-deck-batch,trigger,,official/c15848542.lua,true,true,https://images.ygoprodeck.com/images/cards/15848542.jpg,Assets/StreamingAssets/Ygo/Art/15848542.jpg,false,pending,Imported from august-2026-nine-deck-batch.,Dragonmaid Lorpar,
16516630,"Asanegra - Boreas, o Afiado",official,Monstro de Efeito,august-2026-nine-deck-batch,trigger,,official/c16516630.lua,true,true,https://images.ygoprodeck.com/images/cards/16516630.jpg,Assets/StreamingAssets/Ygo/Art/16516630.jpg,false,pending,Imported from august-2026-nine-deck-batch.,Blackwing - Boreas the Sharp,
16960120,Dragãozela Cozinheira,official,Monstro de Efeito,august-2026-nine-deck-batch,trigger,,official/c16960120.lua,true,true,https://images.ygoprodeck.com/images/cards/16960120.jpg,Assets/StreamingAssets/Ygo/Art/16960120.jpg,false,pending,Imported from august-2026-nine-deck-batch.,Kitchen Dragonmaid,
17465972,"Asanegra - Austro, o Vento do Sul",official,Monstro Regulador de Efeito,august-2026-nine-deck-batch,trigger,,official/c17465972.lua,true,true,https://images.ygoprodeck.com/images/cards/17465972.jpg,Assets/StreamingAssets/Ygo/Art/17465972.jpg,false,pending,Imported from august-2026-nine-deck-batch.,Blackwing - Auster the South Wind,
17655904,Raio Explosivo de Destruição,official,Carta de Magia,august-2026-nine-deck-batch,trigger,,official/c17655904.lua,true,true,https://images.ygoprodeck.com/images/cards/17655904.jpg,Assets/StreamingAssets/Ygo/Art/17655904.jpg,false,pending,Imported from august-2026-nine-deck-batch.,Burst Stream of Destruction,
18597560,Revolução Cibernética,official,Carta de Armadilha,august-2026-nine-deck-batch,intermediate,,official/c18597560.lua,true,true,https://images.ygoprodeck.com/images/cards/18597560.jpg,Assets/StreamingAssets/Ygo/Art/18597560.jpg,false,pending,Imported from august-2026-nine-deck-batch.,Cybernetic Revolution,
18967507,Dragão Cibersombrioso,official,Monstro de Fusão,august-2026-nine-deck-batch,extra_deck,,official/c18967507.lua,true,true,https://images.ygoprodeck.com/images/cards/18967507.jpg,Assets/StreamingAssets/Ygo/Art/18967507.jpg,false,pending,Imported from august-2026-nine-deck-batch.,Cyberdarkness Dragon,
19299793,"Rei Lótus Vermelho, Crime de Chama",official,Monstro de Efeito,august-2026-nine-deck-batch,quick,,official/c19299793.lua,true,true,https://images.ygoprodeck.com/images/cards/19299793.jpg,Assets/StreamingAssets/Ygo/Art/19299793.jpg,false,pending,Imported from august-2026-nine-deck-batch.,"Red Lotus King, Flame Crime",
19333131,Número 12: Ninja da Armadura de Sombras Carmesim,official,Monstro Xyz,august-2026-nine-deck-batch,extra_deck,,official/c19333131.lua,true,true,https://images.ygoprodeck.com/images/cards/19333131.jpg,Assets/StreamingAssets/Ygo/Art/19333131.jpg,false,pending,Imported from august-2026-nine-deck-batch.,Number 12: Crimson Shadow Armor Ninja,
20065259,"Kagero, o Ninja Canhão",official,Monstro de Efeito,august-2026-nine-deck-batch,quick,,official/c20065259.lua,true,true,https://images.ygoprodeck.com/images/cards/20065259.jpg,Assets/StreamingAssets/Ygo/Art/20065259.jpg,false,pending,Imported from august-2026-nine-deck-batch.,Kagero the Cannon Ninja,
20508881,Visão Radiante do Tufão,official,Carta de Magia,august-2026-nine-deck-batch,quick,,official/c20508881.lua,true,true,https://images.ygoprodeck.com/images/cards/20508881.jpg,Assets/StreamingAssets/Ygo/Art/20508881.jpg,false,pending,Imported from august-2026-nine-deck-batch.,Radiant Typhoon Vision,
20618850,Partícula Dourada Rúnika,official,Carta de Magia,august-2026-nine-deck-batch,quick,,official/c20618850.lua,true,true,https://images.ygoprodeck.com/images/cards/20618850.jpg,Assets/StreamingAssets/Ygo/Art/20618850.jpg,false,pending,Imported from august-2026-nine-deck-batch.,Runick Golden Droplet,
20654247,Dragão do Caos de Olhos Azuis,official,Monstro de Ritual,august-2026-nine-deck-batch,trigger,,official/c20654247.lua,true,true,https://images.ygoprodeck.com/images/cards/20654247.jpg,Assets/StreamingAssets/Ygo/Art/20654247.jpg,false,pending,Imported from august-2026-nine-deck-batch.,Blue-Eyes Chaos Dragon,
21082832,Forma do Caos,official,Monstro de Ritual,august-2026-nine-deck-batch,intermediate,,official/c21082832.lua,true,true,https://images.ygoprodeck.com/images/cards/21082832.jpg,Assets/StreamingAssets/Ygo/Art/21082832.jpg,false,pending,Imported from august-2026-nine-deck-batch.,Chaos Form,
22283204,O Olhar do Timeu,official,Carta de Magia,august-2026-nine-deck-batch,quick,,official/c22283204.lua,true,true,https://images.ygoprodeck.com/images/cards/22283204.jpg,Assets/StreamingAssets/Ygo/Art/22283204.jpg,false,pending,Imported from august-2026-nine-deck-batch.,The Gaze of Timaeus,
22634473,Rivais Destinados,official,Carta de Armadilha,august-2026-nine-deck-batch,negation,,official/c22634473.lua,true,true,https://images.ygoprodeck.com/images/cards/22634473.jpg,Assets/StreamingAssets/Ygo/Art/22634473.jpg,false,pending,Imported from august-2026-nine-deck-batch.,Destined Rivals,
22804410,Dragão Branco de Olhos Profundos,official,Monstro de Efeito,august-2026-nine-deck-batch,trigger,,official/c22804410.lua,true,true,https://images.ygoprodeck.com/images/cards/22804410.jpg,Assets/StreamingAssets/Ygo/Art/22804410.jpg,false,pending,Imported from august-2026-nine-deck-batch.,Deep-Eyes White Dragon,
22835145,"Asanegra - Nevasca, o Norte Distante",official,Monstro Regulador de Efeito,august-2026-nine-deck-batch,trigger,,official/c22835145.lua,true,true,https://images.ygoprodeck.com/images/cards/22835145.jpg,Assets/StreamingAssets/Ygo/Art/22835145.jpg,false,pending,Imported from august-2026-nine-deck-batch.,Blackwing - Blizzard the Far North,
23008320,Chamado do Ressonador,official,Carta de Magia,august-2026-nine-deck-batch,intermediate,,official/c23008320.lua,true,true,https://images.ygoprodeck.com/images/cards/23008320.jpg,Assets/StreamingAssets/Ygo/Art/23008320.jpg,false,pending,Imported from august-2026-nine-deck-batch.,Resonator Call,
23617756,Exxod Fogos de Fúria,official,Carta de Armadilha,august-2026-nine-deck-batch,trigger,,official/c23617756.lua,true,true,https://images.ygoprodeck.com/images/cards/23617756.jpg,Assets/StreamingAssets/Ygo/Art/23617756.jpg,false,pending,Imported from august-2026-nine-deck-batch.,Exxod Fires of Rage,
23893227,Núcleo de Dragão Cibernético,official,Monstro de Efeito,august-2026-nine-deck-batch,trigger,,official/c23893227.lua,true,true,https://images.ygoprodeck.com/images/cards/23893227.jpg,Assets/StreamingAssets/Ygo/Art/23893227.jpg,false,pending,Imported from august-2026-nine-deck-batch.,Cyber Dragon Core,
24207889,Só Pode Haver Um,official,Carta de Armadilha,august-2026-nine-deck-batch,continuous,,official/c24207889.lua,true,true,https://images.ygoprodeck.com/images/cards/24207889.jpg,Assets/StreamingAssets/Ygo/Art/24207889.jpg,false,pending,Imported from august-2026-nine-deck-batch.,There Can Be Only One,
24361622,Selo Hierático das Esferas Celestes,official,Monstro Link,august-2026-nine-deck-batch,extra_deck,,official/c24361622.lua,true,true,https://images.ygoprodeck.com/images/cards/24361622.jpg,Assets/StreamingAssets/Ygo/Art/24361622.jpg,false,pending,Imported from august-2026-nine-deck-batch.,Hieratic Seal of the Heavenly Spheres,
24382602,Mausoléu de Branco,official,Carta de Magia,august-2026-nine-deck-batch,trigger,,official/c24382602.lua,true,true,https://images.ygoprodeck.com/images/cards/24382602.jpg,Assets/StreamingAssets/Ygo/Art/24382602.jpg,false,pending,Imported from august-2026-nine-deck-batch.,Mausoleum of White,
24662957,Golem Demoníaco,official,Carta de Armadilha,august-2026-nine-deck-batch,trigger,,official/c24662957.lua,true,true,https://images.ygoprodeck.com/images/cards/24662957.jpg,Assets/StreamingAssets/Ygo/Art/24662957.jpg,false,pending,Imported from august-2026-nine-deck-batch.,Fiendish Golem,
24799107,Dragãozela Sheou,official,Monstro de Fusão,august-2026-nine-deck-batch,extra_deck,,official/c24799107.lua,true,true,https://images.ygoprodeck.com/images/cards/24799107.jpg,Assets/StreamingAssets/Ygo/Art/24799107.jpg,false,pending,Imported from august-2026-nine-deck-batch.,Dragonmaid Sheou,
25784595,Arquidemônio dos Ossos,official,Monstro de Efeito,august-2026-nine-deck-batch,trigger,,official/c25784595.lua,true,true,https://images.ygoprodeck.com/images/cards/25784595.jpg,Assets/StreamingAssets/Ygo/Art/25784595.jpg,false,pending,Imported from august-2026-nine-deck-batch.,Bone Archfiend,
26232916,Vila Oculta das Artes Ninjitsu,official,Carta de Magia,august-2026-nine-deck-batch,trigger,,official/c26232916.lua,true,true,https://images.ygoprodeck.com/images/cards/26232916.jpg,Assets/StreamingAssets/Ygo/Art/26232916.jpg,false,pending,Imported from august-2026-nine-deck-batch.,Hidden Village of Ninjitsu Arts,
28190303,"Asanegra - Gladius, o Sol da Meia-noite",official,Monstro de Efeito,august-2026-nine-deck-batch,trigger,,official/c28190303.lua,true,true,https://images.ygoprodeck.com/images/cards/28190303.jpg,Assets/StreamingAssets/Ygo/Art/28190303.jpg,false,pending,Imported from august-2026-nine-deck-batch.,Blackwing - Gladius the Midnight Sun,
28373620,"Geri, as Presas Rúnikas",official,Monstro de Fusão,august-2026-nine-deck-batch,extra_deck,,official/c28373620.lua,true,true,https://images.ygoprodeck.com/images/cards/28373620.jpg,Assets/StreamingAssets/Ygo/Art/28373620.jpg,false,pending,Imported from august-2026-nine-deck-batch.,Geri the Runick Fangs,
29311166,Wivern Agressor,official,Monstro de Efeito,august-2026-nine-deck-batch,trigger,,official/c29311166.lua,true,true,https://images.ygoprodeck.com/images/cards/29311166.jpg,Assets/StreamingAssets/Ygo/Art/29311166.jpg,false,pending,Imported from august-2026-nine-deck-batch.,Assault Wyvern,
29432790,Fúria com Azul nos Olhos,official,Carta de Magia,august-2026-nine-deck-batch,quick,,official/c29432790.lua,true,true,https://images.ygoprodeck.com/images/cards/29432790.jpg,Assets/StreamingAssets/Ygo/Art/29432790.jpg,false,pending,Imported from august-2026-nine-deck-batch.,Rage with Eyes of Blue,
29719112,Farol Cibernético,official,Monstro de Efeito,august-2026-nine-deck-batch,trigger,,official/c29719112.lua,true,true,https://images.ygoprodeck.com/images/cards/29719112.jpg,Assets/StreamingAssets/Ygo/Art/29719112.jpg,false,pending,Imported from august-2026-nine-deck-batch.,Cyber Pharos,
29975188,Dragão Cibernético Vier,official,Monstro de Efeito,august-2026-nine-deck-batch,trigger,,official/c29975188.lua,true,true,https://images.ygoprodeck.com/images/cards/29975188.jpg,Assets/StreamingAssets/Ygo/Art/29975188.jpg,false,pending,Imported from august-2026-nine-deck-batch.,Cyber Dragon Vier,
30430448,Maldições Congelantes Rúnikas,official,Carta de Magia,august-2026-nine-deck-batch,negation,,official/c30430448.lua,true,true,https://images.ygoprodeck.com/images/cards/30430448.jpg,Assets/StreamingAssets/Ygo/Art/30430448.jpg,false,pending,Imported from august-2026-nine-deck-batch.,Runick Freezing Curses,
31562086,Ponta Rúnika,official,Carta de Magia,august-2026-nine-deck-batch,quick,,official/c31562086.lua,true,true,https://images.ygoprodeck.com/images/cards/31562086.jpg,Assets/StreamingAssets/Ygo/Art/31562086.jpg,false,pending,Imported from august-2026-nine-deck-batch.,Runick Tip,
31699677,Magikuriboh,official,Monstro de Efeito,august-2026-nine-deck-batch,quick,,official/c31699677.lua,true,true,https://images.ygoprodeck.com/images/cards/31699677.jpg,Assets/StreamingAssets/Ygo/Art/31699677.jpg,false,pending,Imported from august-2026-nine-deck-batch.,Magikuriboh,
31887806,"Tobari, o Ninja do Céu",official,Monstro de Efeito,august-2026-nine-deck-batch,quick,,official/c31887806.lua,true,true,https://images.ygoprodeck.com/images/cards/31887806.jpg,Assets/StreamingAssets/Ygo/Art/31887806.jpg,false,pending,Imported from august-2026-nine-deck-batch.,Tobari the Sky Ninja,
32600024,Dragãozela da Câmara,official,Monstro de Efeito,august-2026-nine-deck-batch,trigger,,official/c32600024.lua,true,true,https://images.ygoprodeck.com/images/cards/32600024.jpg,Assets/StreamingAssets/Ygo/Art/32600024.jpg,false,pending,Imported from august-2026-nine-deck-batch.,Chamber Dragonmaid,
32768230,Cibereterno,official,Carta de Magia,august-2026-nine-deck-batch,quick,,official/c32768230.lua,true,true,https://images.ygoprodeck.com/images/cards/32768230.jpg,Assets/StreamingAssets/Ygo/Art/32768230.jpg,false,pending,Imported from august-2026-nine-deck-batch.,Cyber Eternal,
32807846,Reforço do Exército,official,Carta de Magia,august-2026-nine-deck-batch,intermediate,,official/c32807846.lua,true,true,https://images.ygoprodeck.com/images/cards/32807846.jpg,Assets/StreamingAssets/Ygo/Art/32807846.jpg,false,pending,Imported from august-2026-nine-deck-batch.,Reinforcement of the Army,
32939238,Ferramenta de Arte Ninjitsu - Escavador de Ferro,official,Carta de Magia,august-2026-nine-deck-batch,trigger,,official/c32939238.lua,true,true,https://images.ygoprodeck.com/images/cards/32939238.jpg,Assets/StreamingAssets/Ygo/Art/32939238.jpg,false,pending,Imported from august-2026-nine-deck-batch.,Ninjitsu Art Tool - Iron Digger,
33093439,Eltanin Cibernético,official,Monstro de Efeito,august-2026-nine-deck-batch,trigger,,official/c33093439.lua,true,true,https://images.ygoprodeck.com/images/cards/33093439.jpg,Assets/StreamingAssets/Ygo/Art/33093439.jpg,false,pending,Imported from august-2026-nine-deck-batch.,Cyber Eltanin,
33396948,"Exodia, ""O Proibido""",official,Monstro de Efeito,august-2026-nine-deck-batch,trigger,,official/c33396948.lua,true,true,https://images.ygoprodeck.com/images/cards/33396948.jpg,Assets/StreamingAssets/Ygo/Art/33396948.jpg,false,pending,Imported from august-2026-nine-deck-batch.,Exodia the Forbidden One,
34242278,Portador do Escudo do Nobre Cavaleiro,official,Monstro de Efeito,august-2026-nine-deck-batch,trigger,,official/c34242278.lua,true,true,https://images.ygoprodeck.com/images/cards/34242278.jpg,Assets/StreamingAssets/Ygo/Art/34242278.jpg,false,pending,Imported from august-2026-nine-deck-batch.,Noble Knight's Shield-Bearer,
34761841,Ressonador Carmesim,official,Monstro Regulador de Efeito,august-2026-nine-deck-batch,trigger,,official/c34761841.lua,true,true,https://images.ygoprodeck.com/images/cards/34761841.jpg,Assets/StreamingAssets/Ygo/Art/34761841.jpg,false,pending,Imported from august-2026-nine-deck-batch.,Crimson Resonator,
34976176,"Blackwing - Chinook, a Explosão de Neve",official,Monstro de Efeito,august-2026-nine-deck-batch,negation,,official/c34976176.lua,true,true,https://images.ygoprodeck.com/images/cards/34976176.jpg,Assets/StreamingAssets/Ygo/Art/34976176.jpg,false,pending,Imported from august-2026-nine-deck-batch.,Blackwing - Chinook the Snow Blast,
35480699,Livro do Eclipse,official,Carta de Magia,august-2026-nine-deck-batch,quick,,official/c35480699.lua,true,true,https://images.ygoprodeck.com/images/cards/35480699.jpg,Assets/StreamingAssets/Ygo/Art/35480699.jpg,false,pending,Imported from august-2026-nine-deck-batch.,Book of Eclipse,
35659410,Visão com Azul nos Olhos,official,Carta de Magia,august-2026-nine-deck-batch,continuous,,official/c35659410.lua,true,true,https://images.ygoprodeck.com/images/cards/35659410.jpg,Assets/StreamingAssets/Ygo/Art/35659410.jpg,false,pending,Imported from august-2026-nine-deck-batch.,Vision with Eyes of Blue,
36442179,"Asanegra - Furacão, o Tornado",official,Monstro Regulador de Efeito,august-2026-nine-deck-batch,intermediate,,official/c36442179.lua,true,true,https://images.ygoprodeck.com/images/cards/36442179.jpg,Assets/StreamingAssets/Ygo/Art/36442179.jpg,false,pending,Imported from august-2026-nine-deck-batch.,Blackwing - Hurricane the Tornado,
36734924,Sacerdotisa com Azul nos Olhos,official,Monstro Regulador de Efeito,august-2026-nine-deck-batch,quick,,official/c36734924.lua,true,true,https://images.ygoprodeck.com/images/cards/36734924.jpg,Assets/StreamingAssets/Ygo/Art/36734924.jpg,false,pending,Imported from august-2026-nine-deck-batch.,Priestess with Eyes of Blue,
36857073,Abrasador Dragão Vermelho Arquidemônio do Banimento,official,Monstro Sincro,august-2026-nine-deck-batch,extra_deck,,official/c36857073.lua,true,true,https://images.ygoprodeck.com/images/cards/36857073.jpg,Assets/StreamingAssets/Ygo/Art/36857073.jpg,false,pending,Imported from august-2026-nine-deck-batch.,Hot Red Dragon Archfiend Bane,
37354507,Mestre Ninja Saizo,official,Monstro Link,august-2026-nine-deck-batch,extra_deck,,official/c37354507.lua,true,true,https://images.ygoprodeck.com/images/cards/37354507.jpg,Assets/StreamingAssets/Ygo/Art/37354507.jpg,false,pending,Imported from august-2026-nine-deck-batch.,Ninja Grandmaster Saizo,
37542782,Dragão Final Cibersombrio,official,Monstro de Fusão,august-2026-nine-deck-batch,extra_deck,,official/c37542782.lua,true,true,https://images.ygoprodeck.com/images/cards/37542782.jpg,Assets/StreamingAssets/Ygo/Art/37542782.jpg,false,pending,Imported from august-2026-nine-deck-batch.,Cyberdark End Dragon,
37552929,Donzela da Lua do Milênio,official,Monstro de Efeito,august-2026-nine-deck-batch,trigger,,official/c37552929.lua,true,true,https://images.ygoprodeck.com/images/cards/37552929.jpg,Assets/StreamingAssets/Ygo/Art/37552929.jpg,false,pending,Imported from august-2026-nine-deck-batch.,Maiden of the Millennium Moon,
37613663,Milênio Ankh,official,Carta de Magia,august-2026-nine-deck-batch,intermediate,,official/c37613663.lua,true,true,https://images.ygoprodeck.com/images/cards/37613663.jpg,Assets/StreamingAssets/Ygo/Art/37613663.jpg,false,pending,Imported from august-2026-nine-deck-batch.,Millennium Ankh,
37630732,Vínculo de Poder,official,Carta de Magia,august-2026-nine-deck-batch,intermediate,,official/c37630732.lua,true,true,https://images.ygoprodeck.com/images/cards/37630732.jpg,Assets/StreamingAssets/Ygo/Art/37630732.jpg,false,pending,Imported from august-2026-nine-deck-batch.,Power Bond,
37818794,Dragoon Negro de Olhos Vermelhos,official,Monstro de Fusão,august-2026-nine-deck-batch,extra_deck,,official/c37818794.lua,true,true,https://images.ygoprodeck.com/images/cards/37818794.jpg,Assets/StreamingAssets/Ygo/Art/37818794.jpg,false,pending,Imported from august-2026-nine-deck-batch.,Red-Eyes Dark Dragoon,
38699854,Livro de Taiyou,official,Carta de Magia,august-2026-nine-deck-batch,intermediate,,official/c38699854.lua,true,true,https://images.ygoprodeck.com/images/cards/38699854.jpg,Assets/StreamingAssets/Ygo/Art/38699854.jpg,false,pending,Imported from august-2026-nine-deck-batch.,Book of Taiyou,
38775407,Sengenjin acorda de um milênio,official,Monstro de Efeito,august-2026-nine-deck-batch,trigger,,official/c38775407.lua,true,true,https://images.ygoprodeck.com/images/cards/38775407.jpg,Assets/StreamingAssets/Ygo/Art/38775407.jpg,false,pending,Imported from august-2026-nine-deck-batch.,Sengenjin Wakes from a Millennium,
40110009,Comutação Dragãozela,official,Carta de Magia,august-2026-nine-deck-batch,trigger,,official/c40110009.lua,true,true,https://images.ygoprodeck.com/images/cards/40110009.jpg,Assets/StreamingAssets/Ygo/Art/40110009.jpg,false,pending,Imported from august-2026-nine-deck-batch.,Dragonmaid Changeover,
40398073,Dragãozela Enfermeira,official,Monstro de Efeito,august-2026-nine-deck-batch,trigger,,official/c40398073.lua,true,true,https://images.ygoprodeck.com/images/cards/40398073.jpg,Assets/StreamingAssets/Ygo/Art/40398073.jpg,false,pending,Imported from august-2026-nine-deck-batch.,Nurse Dragonmaid,
40418351,Dragão Cibersombrio,official,Monstro de Fusão,august-2026-nine-deck-batch,extra_deck,,official/c40418351.lua,true,true,https://images.ygoprodeck.com/images/cards/40418351.jpg,Assets/StreamingAssets/Ygo/Art/40418351.jpg,false,pending,Imported from august-2026-nine-deck-batch.,Cyberdark Dragon,
40975574,Ressonador Vermelho,official,Monstro Regulador de Efeito,august-2026-nine-deck-batch,trigger,,official/c40975574.lua,true,true,https://images.ygoprodeck.com/images/cards/40975574.jpg,Assets/StreamingAssets/Ygo/Art/40975574.jpg,false,pending,Imported from august-2026-nine-deck-batch.,Red Resonator,
41230939,Chifre Cibersombrio,official,Monstro de Efeito,august-2026-nine-deck-batch,trigger,,official/c41230939.lua,true,true,https://images.ygoprodeck.com/images/cards/41230939.jpg,Assets/StreamingAssets/Ygo/Art/41230939.jpg,false,pending,Imported from august-2026-nine-deck-batch.,Cyberdark Horn,
41232647,Dragãozela Caseira,official,Monstro de Fusão,august-2026-nine-deck-batch,extra_deck,,official/c41232647.lua,true,true,https://images.ygoprodeck.com/images/cards/41232647.jpg,Assets/StreamingAssets/Ygo/Art/41232647.jpg,false,pending,Imported from august-2026-nine-deck-batch.,House Dragonmaid,
41462083,Dragão Milenar,official,Monstro de Fusão,august-2026-nine-deck-batch,extra_deck,,official/c41462083.lua,true,true,https://images.ygoprodeck.com/images/cards/41462083.jpg,Assets/StreamingAssets/Ygo/Art/41462083.jpg,false,pending,Imported from august-2026-nine-deck-batch.,Thousand Dragon,
41578483,Restrição do Olho do Milênio,official,Monstro de Fusão,august-2026-nine-deck-batch,extra_deck,,official/c41578483.lua,true,true,https://images.ygoprodeck.com/images/cards/41578483.jpg,Assets/StreamingAssets/Ygo/Art/41578483.jpg,false,pending,Imported from august-2026-nine-deck-batch.,Millennium-Eyes Restrict,
41620959,Santuário do Dragão,official,Carta de Magia,august-2026-nine-deck-batch,trigger,,official/c41620959.lua,true,true,https://images.ygoprodeck.com/images/cards/41620959.jpg,Assets/StreamingAssets/Ygo/Art/41620959.jpg,false,pending,Imported from august-2026-nine-deck-batch.,Dragon Shrine,
42055234,Dragãozela Coreinhazi,official,Monstro de Efeito,august-2026-nine-deck-batch,quick,,official/c42055234.lua,true,true,https://images.ygoprodeck.com/images/cards/42055234.jpg,Assets/StreamingAssets/Ygo/Art/42055234.jpg,false,pending,Imported from august-2026-nine-deck-batch.,Dragonmaid Tinkhec,
42719764,Convocar Choque,official,Carta de Armadilha,august-2026-nine-deck-batch,continuous,,official/c42719764.lua,true,true,https://images.ygoprodeck.com/images/cards/42719764.jpg,Assets/StreamingAssets/Ygo/Art/42719764.jpg,false,pending,Imported from august-2026-nine-deck-batch.,Summon Shock,
43892408,"Pequena Maga Negra, a Cavaleira Dragão",official,Monstro de Fusão,august-2026-nine-deck-batch,extra_deck,,official/c43892408.lua,true,true,https://images.ygoprodeck.com/images/cards/43892408.jpg,Assets/StreamingAssets/Ygo/Art/43892408.jpg,false,pending,Imported from august-2026-nine-deck-batch.,Dark Magician Girl the Dragon Knight,
44352516,Inferno Cibersombrio,official,Carta de Magia,august-2026-nine-deck-batch,trigger,,official/c44352516.lua,true,true,https://images.ygoprodeck.com/images/cards/44352516.jpg,Assets/StreamingAssets/Ygo/Art/44352516.jpg,false,pending,Imported from august-2026-nine-deck-batch.,Cyberdark Inferno,
44519536,"Perna Esquerda de ""O Proibido""",official,Monstro Normal,august-2026-nine-deck-batch,simple,,,not_required_no_effect,true,https://images.ygoprodeck.com/images/cards/44519536.jpg,Assets/StreamingAssets/Ygo/Art/44519536.jpg,false,pending,Imported from august-2026-nine-deck-batch.,Left Leg of the Forbidden One,
44656491,Mensageiro da Paz,official,Carta de Magia,august-2026-nine-deck-batch,continuous,,official/c44656491.lua,true,true,https://images.ygoprodeck.com/images/cards/44656491.jpg,Assets/StreamingAssets/Ygo/Art/44656491.jpg,false,pending,Imported from august-2026-nine-deck-batch.,Messenger of Peace,
45064756,Julgamento do Renascimento,official,Carta de Armadilha,august-2026-nine-deck-batch,continuous,,official/c45064756.lua,true,true,https://images.ygoprodeck.com/images/cards/45064756.jpg,Assets/StreamingAssets/Ygo/Art/45064756.jpg,false,pending,Imported from august-2026-nine-deck-batch.,Rebirth Judgment,
45078193,Canhão Cibersombrio,official,Monstro de Efeito,august-2026-nine-deck-batch,trigger,,official/c45078193.lua,true,true,https://images.ygoprodeck.com/images/cards/45078193.jpg,Assets/StreamingAssets/Ygo/Art/45078193.jpg,false,pending,Imported from august-2026-nine-deck-batch.,Cyberdark Cannon,
47219274,"Freki, as Presas Rúnicas",official,Monstro de Fusão,august-2026-nine-deck-batch,extra_deck,,official/c47219274.lua,true,true,https://images.ygoprodeck.com/images/cards/47219274.jpg,Assets/StreamingAssets/Ygo/Art/47219274.jpg,false,pending,Imported from august-2026-nine-deck-batch.,Freki the Runick Fangs,
47393199,Cataclismo Dragão-Guarda,official,Carta de Armadilha,august-2026-nine-deck-batch,intermediate,,official/c47393199.lua,true,true,https://images.ygoprodeck.com/images/cards/47393199.jpg,Assets/StreamingAssets/Ygo/Art/47393199.jpg,false,pending,Imported from august-2026-nine-deck-batch.,Guardragon Cataclysm,
48048590,Defensor da Magia do Dragão,official,Monstro de Efeito,august-2026-nine-deck-batch,trigger,,official/c48048590.lua,true,true,https://images.ygoprodeck.com/images/cards/48048590.jpg,Assets/StreamingAssets/Ygo/Art/48048590.jpg,false,pending,Imported from august-2026-nine-deck-batch.,Keeper of Dragon Magic,
49003716,"Asanegra - Bora, a Lança",official,Monstro de Efeito,august-2026-nine-deck-batch,trigger,,official/c49003716.lua,true,true,https://images.ygoprodeck.com/images/cards/49003716.jpg,Assets/StreamingAssets/Ygo/Art/49003716.jpg,false,pending,Imported from august-2026-nine-deck-batch.,Blackwing - Bora the Spear,
49238328,Pote da Extravagância,official,Carta de Magia,august-2026-nine-deck-batch,intermediate,,official/c49238328.lua,true,true,https://images.ygoprodeck.com/images/cards/49238328.jpg,Assets/StreamingAssets/Ygo/Art/49238328.jpg,false,pending,Imported from august-2026-nine-deck-batch.,Pot of Extravagance,
49575521,Dragãozela Laravidae,official,Monstro de Efeito,august-2026-nine-deck-batch,trigger,,official/c49575521.lua,true,true,https://images.ygoprodeck.com/images/cards/49575521.jpg,Assets/StreamingAssets/Ygo/Art/49575521.jpg,false,pending,Imported from august-2026-nine-deck-batch.,Dragonmaid Nudyarl,
50056656,Zona Vermelha,official,Carta de Armadilha,august-2026-nine-deck-batch,continuous,,official/c50056656.lua,true,true,https://images.ygoprodeck.com/images/cards/50056656.jpg,Assets/StreamingAssets/Ygo/Art/50056656.jpg,false,pending,Imported from august-2026-nine-deck-batch.,Red Zone,
50078509,Corrente Demoníaca,official,Carta de Armadilha,august-2026-nine-deck-batch,negation,,official/c50078509.lua,true,true,https://images.ygoprodeck.com/images/cards/50078509.jpg,Assets/StreamingAssets/Ygo/Art/50078509.jpg,false,pending,Imported from august-2026-nine-deck-batch.,Fiendish Chain,
50371210,Baliza de Branco,official,Carta de Magia,august-2026-nine-deck-batch,negation,,official/c50371210.lua,true,true,https://images.ygoprodeck.com/images/cards/50371210.jpg,Assets/StreamingAssets/Ygo/Art/50371210.jpg,false,pending,Imported from august-2026-nine-deck-batch.,Beacon of White,
50766506,Arte Ninjitsu da Duplicação,official,Carta de Armadilha,august-2026-nine-deck-batch,continuous,,official/c50766506.lua,true,true,https://images.ygoprodeck.com/images/cards/50766506.jpg,Assets/StreamingAssets/Ygo/Art/50766506.jpg,false,pending,Imported from august-2026-nine-deck-batch.,Ninjitsu Art of Duplication,
51779204,Força de força absoluta,official,Carta de Magia,august-2026-nine-deck-batch,quick,,official/c51779204.lua,true,true,https://images.ygoprodeck.com/images/cards/51779204.jpg,Assets/StreamingAssets/Ygo/Art/51779204.jpg,false,pending,Imported from august-2026-nine-deck-batch.,Absolute Powerforce,
52589809,Rei Vagante Vento Selvagem,official,Monstro de Efeito,august-2026-nine-deck-batch,trigger,,official/c52589809.lua,true,true,https://images.ygoprodeck.com/images/cards/52589809.jpg,Assets/StreamingAssets/Ygo/Art/52589809.jpg,false,pending,Imported from august-2026-nine-deck-batch.,Wandering King Wildwind,
52875873,Explosão Evolutiva,official,Carta de Magia,august-2026-nine-deck-batch,trigger,,official/c52875873.lua,true,true,https://images.ygoprodeck.com/images/cards/52875873.jpg,Assets/StreamingAssets/Ygo/Art/52875873.jpg,false,pending,Imported from august-2026-nine-deck-batch.,Evolution Burst,
53334471,Duelo Gozen,official,Carta de Armadilha,august-2026-nine-deck-batch,continuous,,official/c53334471.lua,true,true,https://images.ygoprodeck.com/images/cards/53334471.jpg,Assets/StreamingAssets/Ygo/Art/53334471.jpg,false,pending,Imported from august-2026-nine-deck-batch.,Gozen Match,
53567095,Ataque de Ícaro,official,Carta de Armadilha,august-2026-nine-deck-batch,intermediate,,official/c53567095.lua,true,true,https://images.ygoprodeck.com/images/cards/53567095.jpg,Assets/StreamingAssets/Ygo/Art/53567095.jpg,false,pending,Imported from august-2026-nine-deck-batch.,Icarus Attack,
53860621,Besta Brilhante,official,Carta de Magia,august-2026-nine-deck-batch,trigger,,official/c53860621.lua,true,true,https://images.ygoprodeck.com/images/cards/53860621.jpg,Assets/StreamingAssets/Ygo/Art/53860621.jpg,false,pending,Imported from august-2026-nine-deck-batch.,Glowing Crossbow,
54475145,Coração dos Olhos Azuis,official,Monstro de Efeito,august-2026-nine-deck-batch,trigger,,official/c54475145.lua,true,true,https://images.ygoprodeck.com/images/cards/54475145.jpg,Assets/StreamingAssets/Ygo/Art/54475145.jpg,false,pending,Imported from august-2026-nine-deck-batch.,Heart of the Blue-Eyes,
54594017,"Asanegra - Sharnga, a Lua Minguante",official,Monstro Regulador de Efeito,august-2026-nine-deck-batch,quick,,official/c54594017.lua,true,true,https://images.ygoprodeck.com/images/cards/54594017.jpg,Assets/StreamingAssets/Ygo/Art/54594017.jpg,false,pending,Imported from august-2026-nine-deck-batch.,Blackwing - Sharnga the Waning Moon,
55704856,Fusão Cibercarga,official,Carta de Magia,august-2026-nine-deck-batch,quick,,official/c55704856.lua,true,true,https://images.ygoprodeck.com/images/cards/55704856.jpg,Assets/StreamingAssets/Ygo/Art/55704856.jpg,false,pending,Imported from august-2026-nine-deck-batch.,Cyberload Fusion,
55990317,"Hugin, as Asas Rúnikas",official,Monstro de Fusão,august-2026-nine-deck-batch,extra_deck,,official/c55990317.lua,true,true,https://images.ygoprodeck.com/images/cards/55990317.jpg,Assets/StreamingAssets/Ygo/Art/55990317.jpg,false,pending,Imported from august-2026-nine-deck-batch.,Hugin the Runick Wings,
56364287,Dragão Cibernético Herz,official,Monstro de Efeito,august-2026-nine-deck-batch,trigger,,official/c56364287.lua,true,true,https://images.ygoprodeck.com/images/cards/56364287.jpg,Assets/StreamingAssets/Ygo/Art/56364287.jpg,false,pending,Imported from august-2026-nine-deck-batch.,Cyber Dragon Herz,
57043986,Dragão Sólido de Olhos Azuis,official,Monstro de Efeito,august-2026-nine-deck-batch,negation,,official/c57043986.lua,true,true,https://images.ygoprodeck.com/images/cards/57043986.jpg,Assets/StreamingAssets/Ygo/Art/57043986.jpg,false,pending,Imported from august-2026-nine-deck-batch.,Blue-Eyes Solid Dragon,
57416183,Arrumação Dragãozela,official,Carta de Armadilha,august-2026-nine-deck-batch,intermediate,,official/c57416183.lua,true,true,https://images.ygoprodeck.com/images/cards/57416183.jpg,Assets/StreamingAssets/Ygo/Art/57416183.jpg,false,pending,Imported from august-2026-nine-deck-batch.,Dragonmaid Tidying,
58131925,"Asanegra - Damascus, a Noite Polar",official,Monstro de Efeito,august-2026-nine-deck-batch,intermediate,,official/c58131925.lua,true,true,https://images.ygoprodeck.com/images/cards/58131925.jpg,Assets/StreamingAssets/Ygo/Art/58131925.jpg,false,pending,Imported from august-2026-nine-deck-batch.,Blackwing - Damascus the Polar Night,
58820853,"Asanegra - Shura, a Chama Azul",official,Monstro de Efeito,august-2026-nine-deck-batch,negation,,official/c58820853.lua,true,true,https://images.ygoprodeck.com/images/cards/58820853.jpg,Assets/StreamingAssets/Ygo/Art/58820853.jpg,false,pending,Imported from august-2026-nine-deck-batch.,Blackwing - Shura the Blue Flame,
59281922,Dragão Cibernético Drei,official,Monstro de Efeito,august-2026-nine-deck-batch,trigger,,official/c59281922.lua,true,true,https://images.ygoprodeck.com/images/cards/59281922.jpg,Assets/StreamingAssets/Ygo/Art/59281922.jpg,false,pending,Imported from august-2026-nine-deck-batch.,Cyber Dragon Drei,
59432181,Identificar Fusão,official,Carta de Magia,august-2026-nine-deck-batch,trigger,,official/c59432181.lua,true,true,https://images.ygoprodeck.com/images/cards/59432181.jpg,Assets/StreamingAssets/Ygo/Art/59432181.jpg,false,pending,Imported from august-2026-nine-deck-batch.,Fusion Tag,
59616123,Atordoar Armadilha,official,Carta de Armadilha,august-2026-nine-deck-batch,negation,,official/c59616123.lua,true,true,https://images.ygoprodeck.com/images/cards/59616123.jpg,Assets/StreamingAssets/Ygo/Art/59616123.jpg,false,pending,Imported from august-2026-nine-deck-batch.,Trap Stun,
59750328,Despedida Final,official,Carta de Magia,august-2026-nine-deck-batch,intermediate,,official/c59750328.lua,true,true,https://images.ygoprodeck.com/images/cards/59750328.jpg,Assets/StreamingAssets/Ygo/Art/59750328.jpg,false,pending,Imported from august-2026-nine-deck-batch.,Card of Demise,
59839761,Corvo Delta - Anti Reversão,official,Carta de Armadilha,august-2026-nine-deck-batch,trigger,,official/c59839761.lua,true,true,https://images.ygoprodeck.com/images/cards/59839761.jpg,Assets/StreamingAssets/Ygo/Art/59839761.jpg,false,pending,Imported from august-2026-nine-deck-batch.,Delta Crow - Anti Reverse,
60465049,Justiceiro Final Psíquico,official,Monstro Sincro,august-2026-nine-deck-batch,extra_deck,,official/c60465049.lua,true,true,https://images.ygoprodeck.com/images/cards/60465049.jpg,Assets/StreamingAssets/Ygo/Art/60465049.jpg,false,pending,Imported from august-2026-nine-deck-batch.,Psychic End Punisher,
60600126,Emergência Cibernética,official,Carta de Magia,august-2026-nine-deck-batch,negation,,official/c60600126.lua,true,true,https://images.ygoprodeck.com/images/cards/60600126.jpg,Assets/StreamingAssets/Ygo/Art/60600126.jpg,false,pending,Imported from august-2026-nine-deck-batch.,Cyber Emergency,
62991792,Ressonador de Alma,official,Monstro Regulador de Efeito,august-2026-nine-deck-batch,trigger,,official/c62991792.lua,true,true,https://images.ygoprodeck.com/images/cards/62991792.jpg,Assets/StreamingAssets/Ygo/Art/62991792.jpg,false,pending,Imported from august-2026-nine-deck-batch.,Soul Resonator,
63017368,Templo de Wedju,official,Carta de Magia,august-2026-nine-deck-batch,trigger,,official/c63017368.lua,true,true,https://images.ygoprodeck.com/images/cards/63017368.jpg,Assets/StreamingAssets/Ygo/Art/63017368.jpg,false,pending,Imported from august-2026-nine-deck-batch.,Wedju Temple,
63031396,Horizonte Cibernético,official,Carta de Magia,august-2026-nine-deck-batch,trigger,,official/c63031396.lua,true,true,https://images.ygoprodeck.com/images/cards/63031396.jpg,Assets/StreamingAssets/Ygo/Art/63031396.jpg,false,pending,Imported from august-2026-nine-deck-batch.,Cybernetic Horizon,
63391643,Mil Facas,official,Carta de Magia,august-2026-nine-deck-batch,trigger,,official/c63391643.lua,true,true,https://images.ygoprodeck.com/images/cards/63391643.jpg,Assets/StreamingAssets/Ygo/Art/63391643.jpg,false,pending,Imported from august-2026-nine-deck-batch.,Thousand Knives,
63519819,Restrição dos Mil Olhos,official,Monstro de Fusão,august-2026-nine-deck-batch,extra_deck,,official/c63519819.lua,true,true,https://images.ygoprodeck.com/images/cards/63519819.jpg,Assets/StreamingAssets/Ygo/Art/63519819.jpg,false,pending,Imported from august-2026-nine-deck-batch.,Thousand-Eyes Restrict,
63947968,Reflexo Demoníaco do Milênio,official,Monstro de Efeito,august-2026-nine-deck-batch,trigger,,official/c63947968.lua,true,true,https://images.ygoprodeck.com/images/cards/63947968.jpg,Assets/StreamingAssets/Ygo/Art/63947968.jpg,false,pending,Imported from august-2026-nine-deck-batch.,Fiend Reflection of the Millennium,
64014615,Pote da Aquisitividade,official,Carta de Magia,august-2026-nine-deck-batch,quick,,official/c64014615.lua,true,true,https://images.ygoprodeck.com/images/cards/64014615.jpg,Assets/StreamingAssets/Ygo/Art/64014615.jpg,false,pending,Imported from august-2026-nine-deck-batch.,Pot of Acquisitiveness,
64034255,Aliado Genex Homem-pássaro,official,Monstro Regulador de Efeito,august-2026-nine-deck-batch,trigger,,official/c64034255.lua,true,true,https://images.ygoprodeck.com/images/cards/64034255.jpg,Assets/StreamingAssets/Ygo/Art/64034255.jpg,false,pending,Imported from august-2026-nine-deck-batch.,Genex Ally Birdman,
64043465,Obliterar!!!,official,Carta de Armadilha,august-2026-nine-deck-batch,continuous,,official/c64043465.lua,true,true,https://images.ygoprodeck.com/images/cards/64043465.jpg,Assets/StreamingAssets/Ygo/Art/64043465.jpg,false,pending,Imported from august-2026-nine-deck-batch.,Obliterate!!!,
64202399,Dragão do Abismo de Olhos Azuis,official,Monstro de Efeito,august-2026-nine-deck-batch,trigger,,official/c64202399.lua,true,true,https://images.ygoprodeck.com/images/cards/64202399.jpg,Assets/StreamingAssets/Ygo/Art/64202399.jpg,false,pending,Imported from august-2026-nine-deck-batch.,Blue-Eyes Abyss Dragon,
64332231,Dragão Solar Hierático Suserano de Heliópolis,official,Monstro Xyz,august-2026-nine-deck-batch,extra_deck,,official/c64332231.lua,true,true,https://images.ygoprodeck.com/images/cards/64332231.jpg,Assets/StreamingAssets/Ygo/Art/64332231.jpg,false,pending,Imported from august-2026-nine-deck-batch.,Hieratic Sun Dragon Overlord of Heliopolis,
64749612,Ninja Amarelo,official,Monstro de Efeito,august-2026-nine-deck-batch,trigger,,official/c64749612.lua,true,true,https://images.ygoprodeck.com/images/cards/64749612.jpg,Assets/StreamingAssets/Ygo/Art/64749612.jpg,false,pending,Imported from august-2026-nine-deck-batch.,Yellow Ninja,
64753988,Reino Cibersombrio,official,Carta de Magia,august-2026-nine-deck-batch,continuous,,official/c64753988.lua,true,true,https://images.ygoprodeck.com/images/cards/64753988.jpg,Assets/StreamingAssets/Ygo/Art/64753988.jpg,false,pending,Imported from august-2026-nine-deck-batch.,Cyberdark Realm,
64952266,Contra o Vento,official,Carta de Magia,august-2026-nine-deck-batch,intermediate,,official/c64952266.lua,true,true,https://images.ygoprodeck.com/images/cards/64952266.jpg,Assets/StreamingAssets/Ygo/Art/64952266.jpg,false,pending,Imported from august-2026-nine-deck-batch.,Against the Wind,
66141736,Dragão da Ascendência Vermelha,official,Monstro Sincro,august-2026-nine-deck-batch,extra_deck,,official/c66141736.lua,true,true,https://images.ygoprodeck.com/images/cards/66141736.jpg,Assets/StreamingAssets/Ygo/Art/66141736.jpg,false,pending,Imported from august-2026-nine-deck-batch.,Red Rising Dragon,
66712905,Anulação Rúnika,official,Carta de Magia,august-2026-nine-deck-batch,quick,,official/c66712905.lua,true,true,https://images.ygoprodeck.com/images/cards/66712905.jpg,Assets/StreamingAssets/Ygo/Art/66712905.jpg,false,pending,Imported from august-2026-nine-deck-batch.,Runick Dispelling,
66752837,Defensor do Santuário,official,Monstro de Efeito,august-2026-nine-deck-batch,trigger,,official/c66752837.lua,true,true,https://images.ygoprodeck.com/images/cards/66752837.jpg,Assets/StreamingAssets/Ygo/Art/66752837.jpg,false,pending,Imported from august-2026-nine-deck-batch.,Keeper of the Shrine,
67159705,Cibern de Armadura,official,Monstro de Efeito,august-2026-nine-deck-batch,trigger,,official/c67159705.lua,true,true,https://images.ygoprodeck.com/images/cards/67159705.jpg,Assets/StreamingAssets/Ygo/Art/67159705.jpg,false,pending,Imported from august-2026-nine-deck-batch.,Armored Cybern,
67169062,Pote da Avarice,official,Carta de Magia,august-2026-nine-deck-batch,intermediate,,official/c67169062.lua,true,true,https://images.ygoprodeck.com/images/cards/67169062.jpg,Assets/StreamingAssets/Ygo/Art/67169062.jpg,false,pending,Imported from august-2026-nine-deck-batch.,Pot of Avarice,
67234805,Pedra Powersink,official,Carta de Armadilha,august-2026-nine-deck-batch,negation,,official/c67234805.lua,true,true,https://images.ygoprodeck.com/images/cards/67234805.jpg,Assets/StreamingAssets/Ygo/Art/67234805.jpg,false,pending,Imported from august-2026-nine-deck-batch.,Powersink Stone,
67282505,"Mitsu, o Inseto Ninja",official,Monstro de Efeito,august-2026-nine-deck-batch,negation,,official/c67282505.lua,true,true,https://images.ygoprodeck.com/images/cards/67282505.jpg,Assets/StreamingAssets/Ygo/Art/67282505.jpg,false,pending,Imported from august-2026-nine-deck-batch.,Mitsu the Insect Ninja,
67835547,Sono Rúniko,official,Carta de Magia,august-2026-nine-deck-batch,quick,,official/c67835547.lua,true,true,https://images.ygoprodeck.com/images/cards/67835547.jpg,Assets/StreamingAssets/Ygo/Art/67835547.jpg,false,pending,Imported from august-2026-nine-deck-batch.,Runick Slumber,
68038375,Arte Ninjitsu de Folhas Dançantes,official,Carta de Armadilha,august-2026-nine-deck-batch,continuous,,official/c68038375.lua,true,true,https://images.ygoprodeck.com/images/cards/68038375.jpg,Assets/StreamingAssets/Ygo/Art/68038375.jpg,false,pending,Imported from august-2026-nine-deck-batch.,Ninjitsu Art of Dancing Leaves,
68957034,Fogo Reluzente Rúniko,official,Carta de Magia,august-2026-nine-deck-batch,quick,,official/c68957034.lua,true,true,https://images.ygoprodeck.com/images/cards/68957034.jpg,Assets/StreamingAssets/Ygo/Art/68957034.jpg,false,pending,Imported from august-2026-nine-deck-batch.,Runick Flashing Fire,
69031175,Mestre de Armaduras Asanegra,official,Monstro Sincro,august-2026-nine-deck-batch,extra_deck,,official/c69031175.lua,true,true,https://images.ygoprodeck.com/images/cards/69031175.jpg,Assets/StreamingAssets/Ygo/Art/69031175.jpg,false,pending,Imported from august-2026-nine-deck-batch.,Blackwing Armor Master,
69145169,Alma do Sucessor,official,Carta de Magia,august-2026-nine-deck-batch,quick,,official/c69145169.lua,true,true,https://images.ygoprodeck.com/images/cards/69145169.jpg,Assets/StreamingAssets/Ygo/Art/69145169.jpg,false,pending,Imported from august-2026-nine-deck-batch.,Successor Soul,
69176851,Necromante Miasma,official,Monstro Link,august-2026-nine-deck-batch,extra_deck,,official/c69176851.lua,true,true,https://images.ygoprodeck.com/images/cards/69176851.jpg,Assets/StreamingAssets/Ygo/Art/69176851.jpg,false,pending,Imported from august-2026-nine-deck-batch.,Miasma Necromancer,
69973414,Asanegra - Sombra Gêmea,official,Carta de Armadilha,august-2026-nine-deck-batch,trigger,,official/c69973414.lua,true,true,https://images.ygoprodeck.com/images/cards/69973414.jpg,Assets/StreamingAssets/Ygo/Art/69973414.jpg,false,pending,Imported from august-2026-nine-deck-batch.,Blackwing - Twin Shadow,
70368879,Goblin Inexperiente,official,Carta de Magia,august-2026-nine-deck-batch,intermediate,,official/c70368879.lua,true,true,https://images.ygoprodeck.com/images/cards/70368879.jpg,Assets/StreamingAssets/Ygo/Art/70368879.jpg,false,pending,Imported from august-2026-nine-deck-batch.,Upstart Goblin,
70465810,"Asanegra - Sudri, o Cintilante Fantasma",official,Monstro de Efeito,august-2026-nine-deck-batch,trigger,,official/c70465810.lua,true,true,https://images.ygoprodeck.com/images/cards/70465810.jpg,Assets/StreamingAssets/Ygo/Art/70465810.jpg,false,pending,Imported from august-2026-nine-deck-batch.,Blackwing - Sudri the Phantom Glimmer,
70903634,"Braço Direito de ""O Proibido""",official,Monstro Normal,august-2026-nine-deck-batch,simple,,,not_required_no_effect,true,https://images.ygoprodeck.com/images/cards/70903634.jpg,Assets/StreamingAssets/Ygo/Art/70903634.jpg,false,pending,Imported from august-2026-nine-deck-batch.,Right Arm of the Forbidden One,
71187462,"Blackwing - Vata, o emblema da peregrinação",official,Monstro Regulador de Efeito,august-2026-nine-deck-batch,trigger,,official/c71187462.lua,true,true,https://images.ygoprodeck.com/images/cards/71187462.jpg,Assets/StreamingAssets/Ygo/Art/71187462.jpg,false,pending,Imported from august-2026-nine-deck-batch.,Blackwing - Vata the Emblem of Wandering,
71440209,Talismã de Magia Negra,official,Carta de Armadilha,august-2026-nine-deck-batch,negation,,official/c71440209.lua,true,true,https://images.ygoprodeck.com/images/cards/71440209.jpg,Assets/StreamingAssets/Ygo/Art/71440209.jpg,false,pending,Imported from august-2026-nine-deck-batch.,Dark Magic Talisman,
71867500,Rapsódia da Ressuscitação do Dragão,official,Carta de Magia,august-2026-nine-deck-batch,trigger,,official/c71867500.lua,true,true,https://images.ygoprodeck.com/images/cards/71867500.jpg,Assets/StreamingAssets/Ygo/Art/71867500.jpg,false,pending,Imported from august-2026-nine-deck-batch.,Dragon Revival Rhapsody,
72278479,Retorno Negro,official,Carta de Armadilha,august-2026-nine-deck-batch,trigger,,official/c72278479.lua,true,true,https://images.ygoprodeck.com/images/cards/72278479.jpg,Assets/StreamingAssets/Ygo/Art/72278479.jpg,false,pending,Imported from august-2026-nine-deck-batch.,Black Return,
72402069,"D/D/D Armagedom Brilhante, o Super Rei do Fim",official,Monstro Sincro,august-2026-nine-deck-batch,extra_deck,,official/c72402069.lua,true,true,https://images.ygoprodeck.com/images/cards/72402069.jpg,Assets/StreamingAssets/Ygo/Art/72402069.jpg,false,pending,Imported from august-2026-nine-deck-batch.,D/D/D Super Doom King Bright Armageddon,
72714392,"Asanegra - Vayu, o Emblema de Honra",official,Monstro Regulador de Efeito,august-2026-nine-deck-batch,negation,,official/c72714392.lua,true,true,https://images.ygoprodeck.com/images/cards/72714392.jpg,Assets/StreamingAssets/Ygo/Art/72714392.jpg,false,pending,Imported from august-2026-nine-deck-batch.,Blackwing - Vayu the Emblem of Honor,
72930878,Sonido Negro,official,Carta de Armadilha,august-2026-nine-deck-batch,trigger,,official/c72930878.lua,true,true,https://images.ygoprodeck.com/images/cards/72930878.jpg,Assets/StreamingAssets/Ygo/Art/72930878.jpg,false,pending,Imported from august-2026-nine-deck-batch.,Black Sonic,
73129314,Coração de Gaia,official,Monstro de Efeito,august-2026-nine-deck-batch,negation,,official/c73129314.lua,true,true,https://images.ygoprodeck.com/images/cards/73129314.jpg,Assets/StreamingAssets/Ygo/Art/73129314.jpg,false,pending,Imported from august-2026-nine-deck-batch.,Heart of Gaia,
73218989,Dragão de Asas Negras,official,Monstro Sincro,august-2026-nine-deck-batch,extra_deck,,official/c73218989.lua,true,true,https://images.ygoprodeck.com/images/cards/73218989.jpg,Assets/StreamingAssets/Ygo/Art/73218989.jpg,false,pending,Imported from august-2026-nine-deck-batch.,Black-Winged Assault Dragon,
73452089,Cavalaria Negra,official,Monstro de Fusão,august-2026-nine-deck-batch,extra_deck,,official/c73452089.lua,true,true,https://images.ygoprodeck.com/images/cards/73452089.jpg,Assets/StreamingAssets/Ygo/Art/73452089.jpg,false,pending,Imported from august-2026-nine-deck-batch.,Dark Cavalry,
73534250,"Asanegra - Tornado, o Giro Reverso",official,Monstro de Efeito,august-2026-nine-deck-batch,negation,,official/c73534250.lua,true,true,https://images.ygoprodeck.com/images/cards/73534250.jpg,Assets/StreamingAssets/Ygo/Art/73534250.jpg,false,pending,Imported from august-2026-nine-deck-batch.,Blackwing - Tornado the Reverse Wind,
73652465,"Asanegra - Oroshi, a Rajada de Vento",official,Monstro Regulador de Efeito,august-2026-nine-deck-batch,trigger,,official/c73652465.lua,true,true,https://images.ygoprodeck.com/images/cards/73652465.jpg,Assets/StreamingAssets/Ygo/Art/73652465.jpg,false,pending,Imported from august-2026-nine-deck-batch.,Blackwing - Oroshi the Squall,
74157028,Dragão Gêmeo Cibernético,official,Monstro de Fusão,august-2026-nine-deck-batch,extra_deck,,official/c74157028.lua,true,true,https://images.ygoprodeck.com/images/cards/74157028.jpg,Assets/StreamingAssets/Ygo/Art/74157028.jpg,false,pending,Imported from august-2026-nine-deck-batch.,Cyber Twin Dragon,
74169516,Golem que guarda os tesouros do milênio,official,Monstro de Efeito,august-2026-nine-deck-batch,negation,,official/c74169516.lua,true,true,https://images.ygoprodeck.com/images/cards/74169516.jpg,Assets/StreamingAssets/Ygo/Art/74169516.jpg,false,pending,Imported from august-2026-nine-deck-batch.,Golem that Guards the Millennium Treasures,
74659582,"Sleipnir, a Juba Rúnica",official,Monstro de Fusão,august-2026-nine-deck-batch,extra_deck,,official/c74659582.lua,true,true,https://images.ygoprodeck.com/images/cards/74659582.jpg,Assets/StreamingAssets/Ygo/Art/74659582.jpg,false,pending,Imported from august-2026-nine-deck-batch.,Sleipnir the Runick Mane,
75380687,Dragão Amuleto,official,Monstro de Fusão,august-2026-nine-deck-batch,extra_deck,,official/c75380687.lua,true,true,https://images.ygoprodeck.com/images/cards/75380687.jpg,Assets/StreamingAssets/Ygo/Art/75380687.jpg,false,pending,Imported from august-2026-nine-deck-batch.,Amulet Dragon,
75498415,"Asanegra - Sirocco, o Amanhecer",official,Monstro de Efeito,august-2026-nine-deck-batch,trigger,,official/c75498415.lua,true,true,https://images.ygoprodeck.com/images/cards/75498415.jpg,Assets/StreamingAssets/Ygo/Art/75498415.jpg,false,pending,Imported from august-2026-nine-deck-batch.,Blackwing - Sirocco the Dawn,
76403456,Barreira de Poder,official,Carta de Armadilha,august-2026-nine-deck-batch,trigger,,official/c76403456.lua,true,true,https://images.ygoprodeck.com/images/cards/76403456.jpg,Assets/StreamingAssets/Ygo/Art/76403456.jpg,false,pending,Imported from august-2026-nine-deck-batch.,Power Wall,
76721030,Tirania do Tirano,official,Carta de Armadilha,august-2026-nine-deck-batch,continuous,,official/c76721030.lua,true,true,https://images.ygoprodeck.com/images/cards/76721030.jpg,Assets/StreamingAssets/Ygo/Art/76721030.jpg,false,pending,Imported from august-2026-nine-deck-batch.,Tyrant's Tirade,
76782778,Dragãozela Enfarremei,official,Monstro de Efeito,august-2026-nine-deck-batch,quick,,official/c76782778.lua,true,true,https://images.ygoprodeck.com/images/cards/76782778.jpg,Assets/StreamingAssets/Ygo/Art/76782778.jpg,false,pending,Imported from august-2026-nine-deck-batch.,Dragonmaid Ernus,
76913983,Asanegra Armado,official,Monstro Sincro,august-2026-nine-deck-batch,extra_deck,,official/c76913983.lua,true,true,https://images.ygoprodeck.com/images/cards/76913983.jpg,Assets/StreamingAssets/Ygo/Art/76913983.jpg,false,pending,Imported from august-2026-nine-deck-batch.,Blackwing Armed Wing,
77152542,"Asanegra - Harmattan, a Poeira",official,Monstro de Efeito,august-2026-nine-deck-batch,trigger,,official/c77152542.lua,true,true,https://images.ygoprodeck.com/images/cards/77152542.jpg,Assets/StreamingAssets/Ygo/Art/77152542.jpg,false,pending,Imported from august-2026-nine-deck-batch.,Blackwing - Harmattan the Dust,
77360173,Ressonador de Sinkron,official,Monstro Regulador de Efeito,august-2026-nine-deck-batch,trigger,,official/c77360173.lua,true,true,https://images.ygoprodeck.com/images/cards/77360173.jpg,Assets/StreamingAssets/Ygo/Art/77360173.jpg,false,pending,Imported from august-2026-nine-deck-batch.,Synkron Resonator,
77515704,Descanso Dragãozela,official,Carta de Armadilha,august-2026-nine-deck-batch,continuous,,official/c77515704.lua,true,true,https://images.ygoprodeck.com/images/cards/77515704.jpg,Assets/StreamingAssets/Ygo/Art/77515704.jpg,false,pending,Imported from august-2026-nine-deck-batch.,Dragonmaid Downtime,
77625948,Lâmina Cibersombria,official,Monstro de Efeito,august-2026-nine-deck-batch,trigger,,official/c77625948.lua,true,true,https://images.ygoprodeck.com/images/cards/77625948.jpg,Assets/StreamingAssets/Ygo/Art/77625948.jpg,false,pending,Imported from august-2026-nine-deck-batch.,Cyberdark Edge,
78231355,Hospitalidade Dragãozela,official,Carta de Magia,august-2026-nine-deck-batch,intermediate,,official/c78231355.lua,true,true,https://images.ygoprodeck.com/images/cards/78231355.jpg,Assets/StreamingAssets/Ygo/Art/78231355.jpg,false,pending,Imported from august-2026-nine-deck-batch.,Dragonmaid Hospitality,
79875526,Cibern de Acoplamento,official,Monstro de Efeito,august-2026-nine-deck-batch,trigger,,official/c79875526.lua,true,true,https://images.ygoprodeck.com/images/cards/79875526.jpg,Assets/StreamingAssets/Ygo/Art/79875526.jpg,false,pending,Imported from august-2026-nine-deck-batch.,Attachment Cybern,
80033124,Impacto Cibersombrio!,official,Carta de Magia,august-2026-nine-deck-batch,intermediate,,official/c80033124.lua,true,true,https://images.ygoprodeck.com/images/cards/80033124.jpg,Assets/StreamingAssets/Ygo/Art/80033124.jpg,false,pending,Imported from august-2026-nine-deck-batch.,Cyberdark Impact!,
80254726,Finalização do Pássaro Negro,official,Carta de Armadilha,august-2026-nine-deck-batch,negation,,official/c80254726.lua,true,true,https://images.ygoprodeck.com/images/cards/80254726.jpg,Assets/StreamingAssets/Ygo/Art/80254726.jpg,false,pending,Imported from august-2026-nine-deck-batch.,Blackbird Close,
81105204,"Asanegra - Kris, a Luz do Amanhecer",official,Monstro de Efeito,august-2026-nine-deck-batch,trigger,,official/c81105204.lua,true,true,https://images.ygoprodeck.com/images/cards/81105204.jpg,Assets/StreamingAssets/Ygo/Art/81105204.jpg,false,pending,Imported from august-2026-nine-deck-batch.,Blackwing - Kris the Crack of Dawn,
81193865,Super Chama Estridente,official,Carta de Magia,august-2026-nine-deck-batch,trigger,,official/c81193865.lua,true,true,https://images.ygoprodeck.com/images/cards/81193865.jpg,Assets/StreamingAssets/Ygo/Art/81193865.jpg,false,pending,Imported from august-2026-nine-deck-batch.,Super Strident Blaze,
81470373,"Asanegra - Simum, o Vento Venenoso",official,Monstro de Efeito,august-2026-nine-deck-batch,trigger,,official/c81470373.lua,true,true,https://images.ygoprodeck.com/images/cards/81470373.jpg,Assets/StreamingAssets/Ygo/Art/81470373.jpg,false,pending,Imported from august-2026-nine-deck-batch.,Blackwing - Simoon the Poison Wind,
81674782,Fissura Dimensional,official,Carta de Magia,august-2026-nine-deck-batch,continuous,,official/c81674782.lua,true,true,https://images.ygoprodeck.com/images/cards/81674782.jpg,Assets/StreamingAssets/Ygo/Art/81674782.jpg,false,pending,Imported from august-2026-nine-deck-batch.,Dimensional Fissure,
82428674,Transbordamento Cibernético,official,Carta de Armadilha,august-2026-nine-deck-batch,trigger,,official/c82428674.lua,true,true,https://images.ygoprodeck.com/images/cards/82428674.jpg,Assets/StreamingAssets/Ygo/Art/82428674.jpg,false,pending,Imported from august-2026-nine-deck-batch.,Cybernetic Overflow,
82562802,Garra Cibersombria,official,Monstro de Efeito,august-2026-nine-deck-batch,trigger,,official/c82562802.lua,true,true,https://images.ygoprodeck.com/images/cards/82562802.jpg,Assets/StreamingAssets/Ygo/Art/82562802.jpg,false,pending,Imported from august-2026-nine-deck-batch.,Cyberdark Claw,
82944432,Ninja da Armadura de Lâminas,official,Monstro Xyz,august-2026-nine-deck-batch,extra_deck,,official/c82944432.lua,true,true,https://images.ygoprodeck.com/images/cards/82944432.jpg,Assets/StreamingAssets/Ygo/Art/82944432.jpg,false,pending,Imported from august-2026-nine-deck-batch.,Blade Armor Ninja,
83257450,O Imparável Exodia Encarnado,official,Monstro de Fusão,august-2026-nine-deck-batch,extra_deck,,official/c83257450.lua,true,true,https://images.ygoprodeck.com/images/cards/83257450.jpg,Assets/StreamingAssets/Ygo/Art/83257450.jpg,false,pending,Imported from august-2026-nine-deck-batch.,The Unstoppable Exodia Incarnate,
83266092,Túmulo do Organismo Super Antigo,official,Carta de Armadilha,august-2026-nine-deck-batch,continuous,,official/c83266092.lua,true,true,https://images.ygoprodeck.com/images/cards/83266092.jpg,Assets/StreamingAssets/Ygo/Art/83266092.jpg,false,pending,Imported from august-2026-nine-deck-batch.,Grave of the Super Ancient Organism,
84433295,Mago Quinteto,official,Monstro de Fusão,august-2026-nine-deck-batch,extra_deck,,official/c84433295.lua,true,true,https://images.ygoprodeck.com/images/cards/84433295.jpg,Assets/StreamingAssets/Ygo/Art/84433295.jpg,false,pending,Imported from august-2026-nine-deck-batch.,Quintet Magician,
84815190,Baronne de Fleur,official,Monstro Sincro,august-2026-nine-deck-batch,extra_deck,,official/c84815190.lua,true,true,https://images.ygoprodeck.com/images/cards/84815190.jpg,Assets/StreamingAssets/Ygo/Art/84815190.jpg,false,pending,Imported from august-2026-nine-deck-batch.,Baronne de Fleur,
85215458,"Asanegra - Kalut, a Lua Sombria",official,Monstro de Efeito,august-2026-nine-deck-batch,quick,,official/c85215458.lua,true,true,https://images.ygoprodeck.com/images/cards/85215458.jpg,Assets/StreamingAssets/Ygo/Art/85215458.jpg,false,pending,Imported from august-2026-nine-deck-batch.,Blackwing - Kalut the Moon Shadow,
85899505,"Timeu, o Dragão Mágico Unido",official,Monstro de Fusão,august-2026-nine-deck-batch,extra_deck,,official/c85899505.lua,true,true,https://images.ygoprodeck.com/images/cards/85899505.jpg,Assets/StreamingAssets/Ygo/Art/85899505.jpg,false,pending,Imported from august-2026-nine-deck-batch.,Timaeus the United Magical Dragon,
86686671,Usina de Reparos Cibernética,official,Carta de Magia,august-2026-nine-deck-batch,trigger,,official/c86686671.lua,true,true,https://images.ygoprodeck.com/images/cards/86686671.jpg,Assets/StreamingAssets/Ygo/Art/86686671.jpg,false,pending,Imported from august-2026-nine-deck-batch.,Cyber Repair Plant,
87025064,Choro de Prata,official,Carta de Magia,august-2026-nine-deck-batch,quick,,official/c87025064.lua,true,true,https://images.ygoprodeck.com/images/cards/87025064.jpg,Assets/StreamingAssets/Ygo/Art/87025064.jpg,false,pending,Imported from august-2026-nine-deck-batch.,Silver's Cry,
87390067,Blackwing - Jetstream o Céu Azul,official,Monstro de Efeito,august-2026-nine-deck-batch,intermediate,,official/c87390067.lua,true,true,https://images.ygoprodeck.com/images/cards/87390067.jpg,Assets/StreamingAssets/Ygo/Art/87390067.jpg,false,pending,Imported from august-2026-nine-deck-batch.,Blackwing - Jetstream the Blue Sky,
87451661,Arquidemônio do Dragão Cicatrizado,official,Monstro Sincro,august-2026-nine-deck-batch,extra_deck,,official/c87451661.lua,true,true,https://images.ygoprodeck.com/images/cards/87451661.jpg,Assets/StreamingAssets/Ygo/Art/87451661.jpg,false,pending,Imported from august-2026-nine-deck-batch.,Scarred Dragon Archfiend,
87483942,Ninja Prata Sênior,official,Monstro de Efeito,august-2026-nine-deck-batch,trigger,,official/c87483942.lua,true,true,https://images.ygoprodeck.com/images/cards/87483942.jpg,Assets/StreamingAssets/Ygo/Art/87483942.jpg,false,pending,Imported from august-2026-nine-deck-batch.,Senior Silver Ninja,
87837090,"Kuibelt, o Dragão de Lâminas",official,Monstro Sincro,august-2026-nine-deck-batch,extra_deck,,official/c87837090.lua,true,true,https://images.ygoprodeck.com/images/cards/87837090.jpg,Assets/StreamingAssets/Ygo/Art/87837090.jpg,false,pending,Imported from august-2026-nine-deck-batch.,Kuibelt the Blade Dragon,
88453933,Dragãozela Servente,official,Monstro de Efeito,august-2026-nine-deck-batch,trigger,,official/c88453933.lua,true,true,https://images.ygoprodeck.com/images/cards/88453933.jpg,Assets/StreamingAssets/Ygo/Art/88453933.jpg,false,pending,Imported from august-2026-nine-deck-batch.,Parlor Dragonmaid,
89040386,Asanegra - Choque de Retorno,official,Carta de Armadilha,august-2026-nine-deck-batch,trigger,,official/c89040386.lua,true,true,https://images.ygoprodeck.com/images/cards/89040386.jpg,Assets/StreamingAssets/Ygo/Art/89040386.jpg,false,pending,Imported from august-2026-nine-deck-batch.,Blackwing - Backlash,
90448279,Arsenal Divino AA-ZEUS - Trovão dos Céus,official,Monstro Xyz,august-2026-nine-deck-batch,extra_deck,,official/c90448279.lua,true,true,https://images.ygoprodeck.com/images/cards/90448279.jpg,Assets/StreamingAssets/Ygo/Art/90448279.jpg,false,pending,Imported from august-2026-nine-deck-batch.,Divine Arsenal AA-ZEUS - Sky Thunder,
90590303,"Número 41: Bagooska, a Anta Terrivelmente Cansada",official,Monstro Xyz,august-2026-nine-deck-batch,extra_deck,,official/c90590303.lua,true,true,https://images.ygoprodeck.com/images/cards/90590303.jpg,Assets/StreamingAssets/Ygo/Art/90590303.jpg,false,pending,Imported from august-2026-nine-deck-batch.,Number 41: Bagooska the Terribly Tired Tapir,
91351370,Redemoinho Negro,official,Carta de Magia,august-2026-nine-deck-batch,continuous,,official/c91351370.lua,true,true,https://images.ygoprodeck.com/images/cards/91351370.jpg,Assets/StreamingAssets/Ygo/Art/91351370.jpg,false,pending,Imported from august-2026-nine-deck-batch.,Black Whirlwind,
92107604,Fonte Rúnika,official,Carta de Magia,august-2026-nine-deck-batch,trigger,,official/c92107604.lua,true,true,https://images.ygoprodeck.com/images/cards/92107604.jpg,Assets/StreamingAssets/Ygo/Art/92107604.jpg,false,pending,Imported from august-2026-nine-deck-batch.,Runick Fountain,
92385016,"Munin, as Asas Rúnikas",official,Monstro de Fusão,august-2026-nine-deck-batch,extra_deck,,official/c92385016.lua,true,true,https://images.ygoprodeck.com/images/cards/92385016.jpg,Assets/StreamingAssets/Ygo/Art/92385016.jpg,false,pending,Imported from august-2026-nine-deck-batch.,Munin the Runick Wings,
92773018,Tecnologia Cibernética Oculta,official,Carta de Armadilha,august-2026-nine-deck-batch,continuous,,official/c92773018.lua,true,true,https://images.ygoprodeck.com/images/cards/92773018.jpg,Assets/StreamingAssets/Ygo/Art/92773018.jpg,false,pending,Imported from august-2026-nine-deck-batch.,Cybernetic Hidden Technology,
92962242,"Jioh, o Ninja da Gravidade",official,Monstro de Efeito,august-2026-nine-deck-batch,trigger,,official/c92962242.lua,true,true,https://images.ygoprodeck.com/images/cards/92962242.jpg,Assets/StreamingAssets/Ygo/Art/92962242.jpg,false,pending,Imported from august-2026-nine-deck-batch.,Jioh the Gravity Ninja,
93229151,Tempestade Punitiva Rúnika,official,Carta de Magia,august-2026-nine-deck-batch,quick,,official/c93229151.lua,true,true,https://images.ygoprodeck.com/images/cards/93229151.jpg,Assets/StreamingAssets/Ygo/Art/93229151.jpg,false,pending,Imported from august-2026-nine-deck-batch.,Runick Smiting Storm,
94145683,Ninho da Andorinha,official,Carta de Magia,august-2026-nine-deck-batch,quick,,official/c94145683.lua,true,true,https://images.ygoprodeck.com/images/cards/94145683.jpg,Assets/StreamingAssets/Ygo/Art/94145683.jpg,false,pending,Imported from august-2026-nine-deck-batch.,Swallow's Nest,
94445733,Destruição Rúnika,official,Carta de Magia,august-2026-nine-deck-batch,quick,,official/c94445733.lua,true,true,https://images.ygoprodeck.com/images/cards/94445733.jpg,Assets/StreamingAssets/Ygo/Art/94445733.jpg,false,pending,Imported from august-2026-nine-deck-batch.,Runick Destruction,
94670654,"Baku, a Besta Ninja",official,Monstro de Efeito,august-2026-nine-deck-batch,trigger,,official/c94670654.lua,true,true,https://images.ygoprodeck.com/images/cards/94670654.jpg,Assets/StreamingAssets/Ygo/Art/94670654.jpg,false,pending,Imported from august-2026-nine-deck-batch.,Baku the Beast Ninja,
95027497,Mestre Ninja Hanzo,official,Monstro de Efeito,august-2026-nine-deck-batch,trigger,,official/c95027497.lua,true,true,https://images.ygoprodeck.com/images/cards/95027497.jpg,Assets/StreamingAssets/Ygo/Art/95027497.jpg,false,pending,Imported from august-2026-nine-deck-batch.,Ninja Grandmaster Hanzo,
95477924,Salvação do Mago,official,Carta de Magia,august-2026-nine-deck-batch,trigger,,official/c95477924.lua,true,true,https://images.ygoprodeck.com/images/cards/95477924.jpg,Assets/StreamingAssets/Ygo/Art/95477924.jpg,false,pending,Imported from august-2026-nine-deck-batch.,Magician's Salvation,
95545183,Caderno de Arte Ninjitsu do Mistério,official,Carta de Magia,august-2026-nine-deck-batch,quick,,official/c95545183.lua,true,true,https://images.ygoprodeck.com/images/cards/95545183.jpg,Assets/StreamingAssets/Ygo/Art/95545183.jpg,false,pending,Imported from august-2026-nine-deck-batch.,Ninjitsu Art Notebook of Mystery,
95697223,Espírito de Luta do Dragão,official,Carta de Magia,august-2026-nine-deck-batch,quick,,official/c95697223.lua,true,true,https://images.ygoprodeck.com/images/cards/95697223.jpg,Assets/StreamingAssets/Ygo/Art/95697223.jpg,false,pending,Imported from august-2026-nine-deck-batch.,Dragon's Fighting Spirit,
96239878,Força da União,official,Carta de Magia,august-2026-nine-deck-batch,continuous,,official/c96239878.lua,true,true,https://images.ygoprodeck.com/images/cards/96239878.jpg,Assets/StreamingAssets/Ygo/Art/96239878.jpg,false,pending,Imported from august-2026-nine-deck-batch.,Strength in Unity,
96367119,Tempestade de Sombra Negra,official,Carta de Armadilha,august-2026-nine-deck-batch,negation,,official/c96367119.lua,true,true,https://images.ygoprodeck.com/images/cards/96367119.jpg,Assets/StreamingAssets/Ygo/Art/96367119.jpg,false,pending,Imported from august-2026-nine-deck-batch.,Black Shadow Squall,
96729612,Preparação de Ritos,official,Carta de Magia,august-2026-nine-deck-batch,intermediate,,official/c96729612.lua,true,true,https://images.ygoprodeck.com/images/cards/96729612.jpg,Assets/StreamingAssets/Ygo/Art/96729612.jpg,false,pending,Imported from august-2026-nine-deck-batch.,Preparation of Rites,
97489701,Dragão Vermelho Nova,official,Monstro Sincro,august-2026-nine-deck-batch,extra_deck,,official/c97489701.lua,true,true,https://images.ygoprodeck.com/images/cards/97489701.jpg,Assets/StreamingAssets/Ygo/Art/97489701.jpg,false,pending,Imported from august-2026-nine-deck-batch.,Red Nova Dragon,
98173209,Gaia carmesim,official,Carta de Magia,august-2026-nine-deck-batch,continuous,,official/c98173209.lua,true,true,https://images.ygoprodeck.com/images/cards/98173209.jpg,Assets/StreamingAssets/Ygo/Art/98173209.jpg,false,pending,Imported from august-2026-nine-deck-batch.,Crimson Gaia,
98396890,Ressonador de visão,official,Monstro Regulador de Efeito,august-2026-nine-deck-batch,trigger,,official/c98396890.lua,true,true,https://images.ygoprodeck.com/images/cards/98396890.jpg,Assets/StreamingAssets/Ygo/Art/98396890.jpg,false,pending,Imported from august-2026-nine-deck-batch.,Vision Resonator,
98645731,Pote da Dualidade,official,Carta de Magia,august-2026-nine-deck-batch,intermediate,,official/c98645731.lua,true,true,https://images.ygoprodeck.com/images/cards/98645731.jpg,Assets/StreamingAssets/Ygo/Art/98645731.jpg,false,pending,Imported from august-2026-nine-deck-batch.,Pot of Duality,
98672567,Pote da Dicotomia,official,Carta de Magia,august-2026-nine-deck-batch,intermediate,,official/c98672567.lua,true,true,https://images.ygoprodeck.com/images/cards/98672567.jpg,Assets/StreamingAssets/Ygo/Art/98672567.jpg,false,pending,Imported from august-2026-nine-deck-batch.,Pot of Dichotomy,
293542,T.G. Lobo de Guerra,official,Monstro de Efeito,starter-decks-2026-08,trigger,,official/c293542.lua,true,true,https://images.ygoprodeck.com/images/cards/293542.jpg,Assets/StreamingAssets/Ygo/Art/293542.jpg,false,pending,Imported from starter-decks-2026-08.,T.G. Warwolf,
313513,Engrenagem Mágica,official,Carta de Magia,starter-decks-2026-08,intermediate,,official/c313513.lua,true,true,https://images.ygoprodeck.com/images/cards/313513.jpg,Assets/StreamingAssets/Ygo/Art/313513.jpg,false,pending,Imported from starter-decks-2026-08.,Spell Gear,
612115,Fera Gladiatora Retiari,official,Monstro de Efeito,starter-decks-2026-08,trigger,,official/c612115.lua,true,true,https://images.ygoprodeck.com/images/cards/612115.jpg,Assets/StreamingAssets/Ygo/Art/612115.jpg,false,pending,Imported from starter-decks-2026-08.,Gladiator Beast Retiari,
1371589,Coala Vampírico,official,Monstro de Efeito,starter-decks-2026-08,trigger,,official/c1371589.lua,true,true,https://images.ygoprodeck.com/images/cards/1371589.jpg,Assets/StreamingAssets/Ygo/Art/1371589.jpg,false,pending,Imported from starter-decks-2026-08.,Vampiric Koala,
1953925,Engenheiro do Mecanismo Antigo,official,Monstro de Efeito,starter-decks-2026-08,negation,,official/c1953925.lua,true,true,https://images.ygoprodeck.com/images/cards/1953925.jpg,Assets/StreamingAssets/Ygo/Art/1953925.jpg,false,pending,Imported from starter-decks-2026-08.,Ancient Gear Engineer,
2405631,"Guoglim, Lança do Ghoti",official,Monstro Sincro,starter-decks-2026-08,extra_deck,,official/c2405631.lua,true,true,https://images.ygoprodeck.com/images/cards/2405631.jpg,Assets/StreamingAssets/Ygo/Art/2405631.jpg,false,pending,Imported from starter-decks-2026-08.,"Guoglim, Spear of the Ghoti",
2625939,Código Carretel,official,Carta de Magia,starter-decks-2026-08,negation,,official/c2625939.lua,true,true,https://images.ygoprodeck.com/images/cards/2625939.jpg,Assets/StreamingAssets/Ygo/Art/2625939.jpg,false,pending,Imported from starter-decks-2026-08.,Spool Code,
3136426,Limite de Nível- Área B,official,Carta de Magia,starter-decks-2026-08,continuous,,official/c3136426.lua,true,true,https://images.ygoprodeck.com/images/cards/3136426.jpg,Assets/StreamingAssets/Ygo/Art/3136426.jpg,false,pending,Imported from starter-decks-2026-08.,Level Limit - Area B,
3137279,"Ixeep, Presságio do Ghoti",official,Monstro de Efeito,starter-decks-2026-08,trigger,,official/c3137279.lua,true,true,https://images.ygoprodeck.com/images/cards/3137279.jpg,Assets/StreamingAssets/Ygo/Art/3137279.jpg,false,pending,Imported from starter-decks-2026-08.,"Ixeep, Omen of the Ghoti",
3534077,Soldado Técnico Uivo de Lobo,official,Monstro de Efeito,starter-decks-2026-08,negation,,official/c3534077.lua,true,true,https://images.ygoprodeck.com/images/cards/3534077.jpg,Assets/StreamingAssets/Ygo/Art/3534077.jpg,false,pending,Imported from starter-decks-2026-08.,Coach Soldier Wolfbark,
3797883,Caça-Níquel,official,Monstro Normal,starter-decks-2026-08,simple,,,not_required_no_effect,true,https://images.ygoprodeck.com/images/cards/3797883.jpg,Assets/StreamingAssets/Ygo/Art/3797883.jpg,false,pending,Imported from starter-decks-2026-08.,Slot Machine,
4253484,Fera Gladiadora Hoplomus,official,Monstro de Efeito,starter-decks-2026-08,trigger,,official/c4253484.lua,true,true,https://images.ygoprodeck.com/images/cards/4253484.jpg,Assets/StreamingAssets/Ygo/Art/4253484.jpg,false,pending,Imported from starter-decks-2026-08.,Gladiator Beast Hoplomus,
4433488,Cinet Cascata,official,Carta de Armadilha,starter-decks-2026-08,trigger,,official/c4433488.lua,true,true,https://images.ygoprodeck.com/images/cards/4433488.jpg,Assets/StreamingAssets/Ygo/Art/4433488.jpg,false,pending,Imported from starter-decks-2026-08.,Cynet Cascade,
4446672,Explosivo do Mecanismo Antigo,official,Carta de Magia,starter-decks-2026-08,trigger,,official/c4446672.lua,true,true,https://images.ygoprodeck.com/images/cards/4446672.jpg,Assets/StreamingAssets/Ygo/Art/4446672.jpg,false,pending,Imported from starter-decks-2026-08.,Ancient Gear Explosive,
4918855,Vampiro Voivode,official,Monstro de Efeito,starter-decks-2026-08,negation,,official/c4918855.lua,true,true,https://images.ygoprodeck.com/images/cards/4918855.jpg,Assets/StreamingAssets/Ygo/Art/4918855.jpg,false,pending,Imported from starter-decks-2026-08.,Vampire Voivode,
5975022,Besta Gladiadora Murmillo,official,Monstro de Efeito,starter-decks-2026-08,trigger,,official/c5975022.lua,true,true,https://images.ygoprodeck.com/images/cards/5975022.jpg,Assets/StreamingAssets/Ygo/Art/5975022.jpg,false,pending,Imported from starter-decks-2026-08.,Gladiator Beast Murmillo,
6740720,Seiyaryu,official,Monstro Normal,starter-decks-2026-08,simple,,,not_required_no_effect,true,https://images.ygoprodeck.com/images/cards/6740720.jpg,Assets/StreamingAssets/Ygo/Art/6740720.jpg,false,pending,Imported from starter-decks-2026-08.,Seiyaryu,
6917479,Barão Vermelho Vampiro,official,Monstro de Efeito,starter-decks-2026-08,trigger,,official/c6917479.lua,true,true,https://images.ygoprodeck.com/images/cards/6917479.jpg,Assets/StreamingAssets/Ygo/Art/6917479.jpg,false,pending,Imported from starter-decks-2026-08.,Vampire Red Baron,
7445307,Dual Assembwurm,official,Monstro de Efeito,starter-decks-2026-08,trigger,,official/c7445307.lua,true,true,https://images.ygoprodeck.com/images/cards/7445307.jpg,Assets/StreamingAssets/Ygo/Art/7445307.jpg,false,pending,Imported from starter-decks-2026-08.,Dual Assembwurm,
8353769,Comedor de ar,official,Monstro Normal,starter-decks-2026-08,simple,,,not_required_no_effect,true,https://images.ygoprodeck.com/images/cards/8353769.jpg,Assets/StreamingAssets/Ygo/Art/8353769.jpg,false,pending,Imported from starter-decks-2026-08.,Air Eater,
8471389,Lobo Giga-Tech,official,Monstro Normal,starter-decks-2026-08,simple,,,not_required_no_effect,true,https://images.ygoprodeck.com/images/cards/8471389.jpg,Assets/StreamingAssets/Ygo/Art/8471389.jpg,false,pending,Imported from starter-decks-2026-08.,Giga-Tech Wolf,
8794055,As Profundezas Mais Distantes e Mais Profundas,official,Carta de Magia,starter-decks-2026-08,trigger,,official/c8794055.lua,true,true,https://images.ygoprodeck.com/images/cards/8794055.jpg,Assets/StreamingAssets/Ygo/Art/8794055.jpg,false,pending,Imported from starter-decks-2026-08.,"The Most Distant, Deepest Depths",
9416697,"Eanoc, o Sentinela dos Ghoti",official,Monstro de Efeito,starter-decks-2026-08,negation,,official/c9416697.lua,true,true,https://images.ygoprodeck.com/images/cards/9416697.jpg,Assets/StreamingAssets/Ygo/Art/9416697.jpg,false,pending,Imported from starter-decks-2026-08.,"Eanoc, Sentry of the Ghoti",
10509340,Besta do Mecanismo Antigo,official,Monstro de Efeito,starter-decks-2026-08,negation,,official/c10509340.lua,true,true,https://images.ygoprodeck.com/images/cards/10509340.jpg,Assets/StreamingAssets/Ygo/Art/10509340.jpg,false,pending,Imported from starter-decks-2026-08.,Ancient Gear Beast,
11761845,Besta de Talwar,official,Monstro Normal,starter-decks-2026-08,simple,,,not_required_no_effect,true,https://images.ygoprodeck.com/images/cards/11761845.jpg,Assets/StreamingAssets/Ygo/Art/11761845.jpg,false,pending,Imported from starter-decks-2026-08.,Beast of Talwar,
12652643,Golem do Mecanismo Antigo Definitivo,official,Monstro de Fusão,starter-decks-2026-08,extra_deck,,official/c12652643.lua,true,true,https://images.ygoprodeck.com/images/cards/12652643.jpg,Assets/StreamingAssets/Ygo/Art/12652643.jpg,false,pending,Imported from starter-decks-2026-08.,Ultimate Ancient Gear Golem,
13140300,Selo Hierático do Suserano do Dragão do Sol,official,Monstro Normal,starter-decks-2026-08,simple,,,not_required_no_effect,true,https://images.ygoprodeck.com/images/cards/13140300.jpg,Assets/StreamingAssets/Ygo/Art/13140300.jpg,false,pending,Imported from starter-decks-2026-08.,Hieratic Seal of the Sun Dragon Overlord,
13683298,Lobo Celeste da Trovoada,official,Monstro de Efeito,starter-decks-2026-08,trigger,,official/c13683298.lua,true,true,https://images.ygoprodeck.com/images/cards/13683298.jpg,Assets/StreamingAssets/Ygo/Art/13683298.jpg,false,pending,Imported from starter-decks-2026-08.,Thunderclap Skywolf,
15717011,A Luz - Fusão Selada por Feitiço,official,Monstro de Efeito,starter-decks-2026-08,intermediate,,official/c15717011.lua,true,true,https://images.ygoprodeck.com/images/cards/15717011.jpg,Assets/StreamingAssets/Ygo/Art/15717011.jpg,false,pending,Imported from starter-decks-2026-08.,The Light - Hex-Sealed Fusion,
15947754,Lobo Silencioso Calupo,official,Monstro de Efeito,starter-decks-2026-08,trigger,,official/c15947754.lua,true,true,https://images.ygoprodeck.com/images/cards/15947754.jpg,Assets/StreamingAssets/Ygo/Art/15947754.jpg,false,pending,Imported from starter-decks-2026-08.,Silent Wolf Calupo,
16259549,Número 49: Melovidente,official,Monstro Xyz,starter-decks-2026-08,extra_deck,,official/c16259549.lua,true,true,https://images.ygoprodeck.com/images/cards/16259549.jpg,Assets/StreamingAssets/Ygo/Art/16259549.jpg,false,pending,Imported from starter-decks-2026-08.,Number 49: Fortune Tune,
17658803,Dragão do Brilho nº 2,official,Monstro Normal,starter-decks-2026-08,simple,,,not_required_no_effect,true,https://images.ygoprodeck.com/images/cards/17658803.jpg,Assets/StreamingAssets/Ygo/Art/17658803.jpg,false,pending,Imported from starter-decks-2026-08.,Luster Dragon #2,
21598948,Caixa Fada,official,Carta de Armadilha,starter-decks-2026-08,continuous,,official/c21598948.lua,true,true,https://images.ygoprodeck.com/images/cards/21598948.jpg,Assets/StreamingAssets/Ygo/Art/21598948.jpg,false,pending,Imported from starter-decks-2026-08.,Fairy Box,
22056710,Vampiro Gênesis,official,Monstro de Efeito,starter-decks-2026-08,intermediate,,official/c22056710.lua,true,true,https://images.ygoprodeck.com/images/cards/22056710.jpg,Assets/StreamingAssets/Ygo/Art/22056710.jpg,false,pending,Imported from starter-decks-2026-08.,Vampire Genesis,
22346472,Ventos Turbulentos,official,Carta de Magia,starter-decks-2026-08,intermediate,,official/c22346472.lua,true,true,https://images.ygoprodeck.com/images/cards/22346472.jpg,Assets/StreamingAssets/Ygo/Art/22346472.jpg,false,pending,Imported from starter-decks-2026-08.,Blustering Winds,
22862454,Dragão Proxy,official,Monstro Link,starter-decks-2026-08,extra_deck,,official/c22862454.lua,true,true,https://images.ygoprodeck.com/images/cards/22862454.jpg,Assets/StreamingAssets/Ygo/Art/22862454.jpg,false,pending,Imported from starter-decks-2026-08.,Proxy Dragon,
23171610,Remover Limites,official,Carta de Magia,starter-decks-2026-08,quick,,official/c23171610.lua,true,true,https://images.ygoprodeck.com/images/cards/23171610.jpg,Assets/StreamingAssets/Ygo/Art/23171610.jpg,false,pending,Imported from starter-decks-2026-08.,Limiter Removal,
23331400,Link Streamer,official,Monstro de Efeito,starter-decks-2026-08,trigger,,official/c23331400.lua,true,true,https://images.ygoprodeck.com/images/cards/23331400.jpg,Assets/StreamingAssets/Ygo/Art/23331400.jpg,false,pending,Imported from starter-decks-2026-08.,Link Streamer,
23659124,Dragão Rei dos Mares,official,Monstro Normal,starter-decks-2026-08,simple,,,not_required_no_effect,true,https://images.ygoprodeck.com/images/cards/23659124.jpg,Assets/StreamingAssets/Ygo/Art/23659124.jpg,false,pending,Imported from starter-decks-2026-08.,Sea King Dragon,
24154052,Prótron,official,Monstro Normal,starter-decks-2026-08,simple,,,not_required_no_effect,true,https://images.ygoprodeck.com/images/cards/24154052.jpg,Assets/StreamingAssets/Ygo/Art/24154052.jpg,false,pending,Imported from starter-decks-2026-08.,Protron,
24311372,Zoa,official,Monstro Normal,starter-decks-2026-08,simple,,,not_required_no_effect,true,https://images.ygoprodeck.com/images/cards/24311372.jpg,Assets/StreamingAssets/Ygo/Art/24311372.jpg,false,pending,Imported from starter-decks-2026-08.,Zoa,
25774450,Caixa Mágica,official,Carta de Magia,starter-decks-2026-08,intermediate,,official/c25774450.lua,true,true,https://images.ygoprodeck.com/images/cards/25774450.jpg,Assets/StreamingAssets/Ygo/Art/25774450.jpg,false,pending,Imported from starter-decks-2026-08.,Mystic Box,
25924653,Besta Gladiadora Darius,official,Monstro de Efeito,starter-decks-2026-08,negation,,official/c25924653.lua,true,true,https://images.ygoprodeck.com/images/cards/25924653.jpg,Assets/StreamingAssets/Ygo/Art/25924653.jpg,false,pending,Imported from starter-decks-2026-08.,Gladiator Beast Darius,
26495087,Lady Vampira,official,Monstro de Efeito,starter-decks-2026-08,trigger,,official/c26495087.lua,true,true,https://images.ygoprodeck.com/images/cards/26495087.jpg,Assets/StreamingAssets/Ygo/Art/26495087.jpg,false,pending,Imported from starter-decks-2026-08.,Vampire Lady,
26523337,"Psíquicos, Luar do Ghoti",official,Monstro de Efeito,starter-decks-2026-08,trigger,,official/c26523337.lua,true,true,https://images.ygoprodeck.com/images/cards/26523337.jpg,Assets/StreamingAssets/Ygo/Art/26523337.jpg,false,pending,Imported from starter-decks-2026-08.,"Psiics, Moonlight of the Ghoti",
27054370,Pegasus Asas de Fogo,official,Monstro Normal,starter-decks-2026-08,simple,,,not_required_no_effect,true,https://images.ygoprodeck.com/images/cards/27054370.jpg,Assets/StreamingAssets/Ygo/Art/27054370.jpg,false,pending,Imported from starter-decks-2026-08.,Firewing Pegasus,
27243130,Lança Proibida,official,Carta de Magia,starter-decks-2026-08,quick,,official/c27243130.lua,true,true,https://images.ygoprodeck.com/images/cards/27243130.jpg,Assets/StreamingAssets/Ygo/Art/27243130.jpg,false,pending,Imported from starter-decks-2026-08.,Forbidden Lance,
27346636,Besta Gladiadora Heraklinos,official,Monstro de Fusão,starter-decks-2026-08,extra_deck,,official/c27346636.lua,true,true,https://images.ygoprodeck.com/images/cards/27346636.jpg,Assets/StreamingAssets/Ygo/Art/27346636.jpg,false,pending,Imported from starter-decks-2026-08.,Gladiator Beast Heraklinos,
27847700,Polimerização,official,Carta de Magia,starter-decks-2026-08,intermediate,,official/c27847700.lua,true,true,https://images.ygoprodeck.com/images/cards/27847700.jpg,Assets/StreamingAssets/Ygo/Art/27847700.jpg,false,pending,Imported from starter-decks-2026-08.,Polymerization,24094653
30113682,O Juiz,official,Monstro Normal,starter-decks-2026-08,simple,,,not_required_no_effect,true,https://images.ygoprodeck.com/images/cards/30113682.jpg,Assets/StreamingAssets/Ygo/Art/30113682.jpg,false,pending,Imported from starter-decks-2026-08.,Judge Man,
30435145,Fábrica do Mecanismo Antigo,official,Carta de Magia,starter-decks-2026-08,trigger,,official/c30435145.lua,true,true,https://images.ygoprodeck.com/images/cards/30435145.jpg,Assets/StreamingAssets/Ygo/Art/30435145.jpg,false,pending,Imported from starter-decks-2026-08.,Ancient Gear Factory,
31077447,Caixa Surpresa,official,Carta de Armadilha,starter-decks-2026-08,negation,,official/c31077447.lua,true,true,https://images.ygoprodeck.com/images/cards/31077447.jpg,Assets/StreamingAssets/Ygo/Art/31077447.jpg,false,pending,Imported from starter-decks-2026-08.,Punch-in-the-Box,
31447217,Tecelã Alada,official,Monstro Normal,starter-decks-2026-08,simple,,,not_required_no_effect,true,https://images.ygoprodeck.com/images/cards/31447217.jpg,Assets/StreamingAssets/Ygo/Art/31447217.jpg,false,pending,Imported from starter-decks-2026-08.,Wingweaver,
31557782,Mecanismo Antigo,official,Monstro de Efeito,starter-decks-2026-08,trigger,,official/c31557782.lua,true,true,https://images.ygoprodeck.com/images/cards/31557782.jpg,Assets/StreamingAssets/Ygo/Art/31557782.jpg,false,pending,Imported from starter-decks-2026-08.,Ancient Gear,
32202803,Bujingi Lobo,official,Monstro de Efeito,starter-decks-2026-08,intermediate,,official/c32202803.lua,true,true,https://images.ygoprodeck.com/images/cards/32202803.jpg,Assets/StreamingAssets/Ygo/Art/32202803.jpg,false,pending,Imported from starter-decks-2026-08.,Bujingi Wolf,
32295838,Digitron,official,Monstro Normal,starter-decks-2026-08,simple,,,not_required_no_effect,true,https://images.ygoprodeck.com/images/cards/32295838.jpg,Assets/StreamingAssets/Ygo/Art/32295838.jpg,false,pending,Imported from starter-decks-2026-08.,Digitron,
32491822,"Hamon, o Senhor do Trovão Impactante",official,Monstro de Efeito,starter-decks-2026-08,trigger,,official/c32491822.lua,true,true,https://images.ygoprodeck.com/images/cards/32491822.jpg,Assets/StreamingAssets/Ygo/Art/32491822.jpg,false,pending,Imported from starter-decks-2026-08.,"Hamon, Lord of Striking Thunder",
33438666,Ceifarmesim Vampiro,official,Monstro de Efeito,starter-decks-2026-08,trigger,,official/c33438666.lua,true,true,https://images.ygoprodeck.com/images/cards/33438666.jpg,Assets/StreamingAssets/Ygo/Art/33438666.jpg,false,pending,Imported from starter-decks-2026-08.,Vampire Grimson,
34250214,Familiar Vampiro,official,Monstro de Efeito,starter-decks-2026-08,trigger,,official/c34250214.lua,true,true,https://images.ygoprodeck.com/images/cards/34250214.jpg,Assets/StreamingAssets/Ygo/Art/34250214.jpg,false,pending,Imported from starter-decks-2026-08.,Vampire Familiar,
35224440,Campo de Provas dos Gladiadores,official,Carta de Magia,starter-decks-2026-08,intermediate,,official/c35224440.lua,true,true,https://images.ygoprodeck.com/images/cards/35224440.jpg,Assets/StreamingAssets/Ygo/Art/35224440.jpg,false,pending,Imported from starter-decks-2026-08.,Gladiator Proving Ground,
35346968,Desejos Solenes,official,Carta de Armadilha,starter-decks-2026-08,continuous,,official/c35346968.lua,true,true,https://images.ygoprodeck.com/images/cards/35346968.jpg,Assets/StreamingAssets/Ygo/Art/35346968.jpg,false,pending,Imported from starter-decks-2026-08.,Solemn Wishes,
35712107,Pássaro monstruoso,official,Monstro Normal,starter-decks-2026-08,simple,,,not_required_no_effect,true,https://images.ygoprodeck.com/images/cards/35712107.jpg,Assets/StreamingAssets/Ygo/Art/35712107.jpg,false,pending,Imported from starter-decks-2026-08.,Monstrous Bird,
35911108,Comandante Iniciador,official,Monstro de Efeito,starter-decks-2026-08,intermediate,,official/c35911108.lua,true,true,https://images.ygoprodeck.com/images/cards/35911108.jpg,Assets/StreamingAssets/Ygo/Art/35911108.jpg,false,pending,Imported from starter-decks-2026-08.,Launcher Commander,
36562627,Segundo Atirar de Moeda,official,Carta de Magia,starter-decks-2026-08,continuous,,official/c36562627.lua,true,true,https://images.ygoprodeck.com/images/cards/36562627.jpg,Assets/StreamingAssets/Ygo/Art/36562627.jpg,false,pending,Imported from starter-decks-2026-08.,Second Coin Toss,
36694815,Bitsoldado,official,Monstro de Efeito,starter-decks-2026-08,intermediate,,official/c36694815.lua,true,true,https://images.ygoprodeck.com/images/cards/36694815.jpg,Assets/StreamingAssets/Ygo/Art/36694815.jpg,false,pending,Imported from starter-decks-2026-08.,Bitrooper,
38409239,Ghoti Cosmo,official,Carta de Armadilha,starter-decks-2026-08,negation,,official/c38409239.lua,true,true,https://images.ygoprodeck.com/images/cards/38409239.jpg,Assets/StreamingAssets/Ygo/Art/38409239.jpg,false,pending,Imported from starter-decks-2026-08.,Ghoti Cosmos,
39522887,"Snopios, Sombra do Ghoti",official,Monstro de Efeito,starter-decks-2026-08,quick,,official/c39522887.lua,true,true,https://images.ygoprodeck.com/images/cards/39522887.jpg,Assets/StreamingAssets/Ygo/Art/39522887.jpg,false,pending,Imported from starter-decks-2026-08.,"Snopios, Shade of the Ghoti",
39674352,Gogiga Gagagigo,official,Monstro Normal,starter-decks-2026-08,simple,,,not_required_no_effect,true,https://images.ygoprodeck.com/images/cards/39674352.jpg,Assets/StreamingAssets/Ygo/Art/39674352.jpg,false,pending,Imported from starter-decks-2026-08.,Gogiga Gagagigo,
41440817,Canhão de Gelatina,official,Carta de Armadilha,starter-decks-2026-08,trigger,,official/c41440817.lua,true,true,https://images.ygoprodeck.com/images/cards/41440817.jpg,Assets/StreamingAssets/Ygo/Art/41440817.jpg,false,pending,Imported from starter-decks-2026-08.,Jelly Cannon,
41470137,Besta Gladiadora Bestiari,official,Monstro de Efeito,starter-decks-2026-08,trigger,,official/c41470137.lua,true,true,https://images.ygoprodeck.com/images/cards/41470137.jpg,Assets/StreamingAssets/Ygo/Art/41470137.jpg,false,pending,Imported from starter-decks-2026-08.,Gladiator Beast Bestiari,
42129512,Grande Coala,official,Monstro Normal,starter-decks-2026-08,simple,,,not_required_no_effect,true,https://images.ygoprodeck.com/images/cards/42129512.jpg,Assets/StreamingAssets/Ygo/Art/42129512.jpg,false,pending,Imported from starter-decks-2026-08.,Big Koala,
42940404,Formecanismo Autômato,official,Monstro de Efeito,starter-decks-2026-08,trigger,,official/c42940404.lua,true,true,https://images.ygoprodeck.com/images/cards/42940404.jpg,Assets/StreamingAssets/Ygo/Art/42940404.jpg,false,pending,Imported from starter-decks-2026-08.,Machina Gearframe,
43175027,Fera Glacial Lobo da Nevasca,official,Monstro de Efeito,starter-decks-2026-08,negation,,official/c43175027.lua,true,true,https://images.ygoprodeck.com/images/cards/43175027.jpg,Assets/StreamingAssets/Ygo/Art/43175027.jpg,false,pending,Imported from starter-decks-2026-08.,Glacial Beast Blizzard Wolf,
45792753,Corrente Ghoti,official,Carta de Armadilha,starter-decks-2026-08,trigger,,official/c45792753.lua,true,true,https://images.ygoprodeck.com/images/cards/45792753.jpg,Assets/StreamingAssets/Ygo/Art/45792753.jpg,false,pending,Imported from starter-decks-2026-08.,Ghoti Chain,
46037983,"Paces, a Luz dos Ghoti",official,Monstro Regulador de Efeito,starter-decks-2026-08,quick,,official/c46037983.lua,true,true,https://images.ygoprodeck.com/images/cards/46037983.jpg,Assets/StreamingAssets/Ygo/Art/46037983.jpg,false,pending,Imported from starter-decks-2026-08.,"Paces, Light of the Ghoti",
46815301,"Askaan, o Ghoti de Dois Chifres",official,Monstro Sincro,starter-decks-2026-08,extra_deck,,official/c46815301.lua,true,true,https://images.ygoprodeck.com/images/cards/46815301.jpg,Assets/StreamingAssets/Ygo/Art/46815301.jpg,false,pending,Imported from starter-decks-2026-08.,"Askaan, the Bicorned Ghoti",
47986555,Golem Milênio,official,Monstro Normal,starter-decks-2026-08,simple,,,not_required_no_effect,true,https://images.ygoprodeck.com/images/cards/47986555.jpg,Assets/StreamingAssets/Ygo/Art/47986555.jpg,false,pending,Imported from starter-decks-2026-08.,Millennium Golem,
48130397,Super Polimerização,official,Carta de Magia,starter-decks-2026-08,quick,,official/c48130397.lua,true,true,https://images.ygoprodeck.com/images/cards/48130397.jpg,Assets/StreamingAssets/Ygo/Art/48130397.jpg,false,pending,Imported from starter-decks-2026-08.,Super Polymerization,
48156348,Besta Gladiadora Gyzarus,official,Monstro de Fusão,starter-decks-2026-08,extra_deck,,official/c48156348.lua,true,true,https://images.ygoprodeck.com/images/cards/48156348.jpg,Assets/StreamingAssets/Ygo/Art/48156348.jpg,false,pending,Imported from starter-decks-2026-08.,Gladiator Beast Gyzarus,
48649353,Ushi Oni,official,Monstro Normal,starter-decks-2026-08,simple,,,not_required_no_effect,true,https://images.ygoprodeck.com/images/cards/48649353.jpg,Assets/StreamingAssets/Ygo/Art/48649353.jpg,false,pending,Imported from starter-decks-2026-08.,Ushi Oni,
48712195,Mercador de Cards,official,Carta de Magia,starter-decks-2026-08,continuous,,official/c48712195.lua,true,true,https://images.ygoprodeck.com/images/cards/48712195.jpg,Assets/StreamingAssets/Ygo/Art/48712195.jpg,false,pending,Imported from starter-decks-2026-08.,Card Trader,
48882106,Peixe-caixa Tóxico,official,Monstro Sincro,starter-decks-2026-08,extra_deck,,official/c48882106.lua,true,true,https://images.ygoprodeck.com/images/cards/48882106.jpg,Assets/StreamingAssets/Ygo/Art/48882106.jpg,false,pending,Imported from starter-decks-2026-08.,Toxic Boxfish,
49417509,Lobo,official,Monstro Normal,starter-decks-2026-08,simple,,,not_required_no_effect,true,https://images.ygoprodeck.com/images/cards/49417509.jpg,Assets/StreamingAssets/Ygo/Art/49417509.jpg,false,pending,Imported from starter-decks-2026-08.,Wolf,
49888191,Garnecia Elefantis,official,Monstro Normal,starter-decks-2026-08,simple,,,not_required_no_effect,true,https://images.ygoprodeck.com/images/cards/49888191.jpg,Assets/StreamingAssets/Ygo/Art/49888191.jpg,false,pending,Imported from starter-decks-2026-08.,Garnecia Elefantis,
50005633,Espadachim Sorrateiro,official,Monstro Normal,starter-decks-2026-08,simple,,,not_required_no_effect,true,https://images.ygoprodeck.com/images/cards/50005633.jpg,Assets/StreamingAssets/Ygo/Art/50005633.jpg,false,pending,Imported from starter-decks-2026-08.,Swordstalker,
51335426,Elo Link,official,Carta de Magia,starter-decks-2026-08,quick,,official/c51335426.lua,true,true,https://images.ygoprodeck.com/images/cards/51335426.jpg,Assets/StreamingAssets/Ygo/Art/51335426.jpg,false,pending,Imported from starter-decks-2026-08.,Link Bound,
53167658,Cortina de Bloqueio,official,Carta de Magia,starter-decks-2026-08,continuous,,official/c53167658.lua,true,true,https://images.ygoprodeck.com/images/cards/53167658.jpg,Assets/StreamingAssets/Ygo/Art/53167658.jpg,false,pending,Imported from starter-decks-2026-08.,Blockout Curtain,
53839837,Senhor dos Vampiros,official,Monstro de Efeito,starter-decks-2026-08,trigger,,official/c53839837.lua,true,true,https://images.ygoprodeck.com/images/cards/53839837.jpg,Assets/StreamingAssets/Ygo/Art/53839837.jpg,false,pending,Imported from starter-decks-2026-08.,Vampire Lord,
55696885,Lobo da Praga,official,Monstro de Efeito,starter-decks-2026-08,trigger,,official/c55696885.lua,true,true,https://images.ygoprodeck.com/images/cards/55696885.jpg,Assets/StreamingAssets/Ygo/Art/55696885.jpg,false,pending,Imported from starter-decks-2026-08.,Plague Wolf,
56094445,Soldado do Mecanismo Antigo,official,Monstro de Efeito,starter-decks-2026-08,trigger,,official/c56094445.lua,true,true,https://images.ygoprodeck.com/images/cards/56094445.jpg,Assets/StreamingAssets/Ygo/Art/56094445.jpg,false,pending,Imported from starter-decks-2026-08.,Ancient Gear Soldier,
56369281,Lobo Portador de Machado,official,Monstro Normal,starter-decks-2026-08,simple,,,not_required_no_effect,true,https://images.ygoprodeck.com/images/cards/56369281.jpg,Assets/StreamingAssets/Ygo/Art/56369281.jpg,false,pending,Imported from starter-decks-2026-08.,Wolf Axwielder,
56387350,Bebê Vampiro,official,Monstro de Efeito,starter-decks-2026-08,trigger,,official/c56387350.lua,true,true,https://images.ygoprodeck.com/images/cards/56387350.jpg,Assets/StreamingAssets/Ygo/Art/56387350.jpg,false,pending,Imported from starter-decks-2026-08.,Vampire Baby,
56514812,Kunoichi,official,Monstro de Efeito,starter-decks-2026-08,trigger,,official/c56514812.lua,true,true,https://images.ygoprodeck.com/images/cards/56514812.jpg,Assets/StreamingAssets/Ygo/Art/56514812.jpg,false,pending,Imported from starter-decks-2026-08.,Kunoichi,
56830749,Compartilhar a Dor,official,Carta de Magia,starter-decks-2026-08,intermediate,,official/c56830749.lua,true,true,https://images.ygoprodeck.com/images/cards/56830749.jpg,Assets/StreamingAssets/Ygo/Art/56830749.jpg,false,pending,Imported from starter-decks-2026-08.,Share the Pain,
57731460,Besta Gladiadora Equeste,official,Monstro de Efeito,starter-decks-2026-08,trigger,,official/c57731460.lua,true,true,https://images.ygoprodeck.com/images/cards/57731460.jpg,Assets/StreamingAssets/Ygo/Art/57731460.jpg,false,pending,Imported from starter-decks-2026-08.,Gladiator Beast Equeste,
58570206,Polimerização Pesada,official,Carta de Magia,starter-decks-2026-08,trigger,,official/c58570206.lua,true,true,https://images.ygoprodeck.com/images/cards/58570206.jpg,Assets/StreamingAssets/Ygo/Art/58570206.jpg,false,pending,Imported from starter-decks-2026-08.,Heavy Polymerization,
58818411,Louva-a-deus Imperadora,official,Monstro Normal,starter-decks-2026-08,simple,,,not_required_no_effect,true,https://images.ygoprodeck.com/images/cards/58818411.jpg,Assets/StreamingAssets/Ygo/Art/58818411.jpg,false,pending,Imported from starter-decks-2026-08.,Empress Mantis,
58947797,Duque Vampiro,official,Monstro de Efeito,starter-decks-2026-08,trigger,,official/c58947797.lua,true,true,https://images.ygoprodeck.com/images/cards/58947797.jpg,Assets/StreamingAssets/Ygo/Art/58947797.jpg,false,pending,Imported from starter-decks-2026-08.,Vampire Duke,
59811955,Oficina do Mecanismo Antigo,official,Carta de Magia,starter-decks-2026-08,intermediate,,official/c59811955.lua,true,true,https://images.ygoprodeck.com/images/cards/59811955.jpg,Assets/StreamingAssets/Ygo/Art/59811955.jpg,false,pending,Imported from starter-decks-2026-08.,Ancient Gear Workshop,
60862676,Cerebrus de Chamas,official,Monstro Normal,starter-decks-2026-08,simple,,,not_required_no_effect,true,https://images.ygoprodeck.com/images/cards/60862676.jpg,Assets/StreamingAssets/Ygo/Art/60862676.jpg,false,pending,Imported from starter-decks-2026-08.,Flame Cerebrus,
61583217,Cinet Universo,official,Carta de Magia,starter-decks-2026-08,trigger,,official/c61583217.lua,true,true,https://images.ygoprodeck.com/images/cards/61583217.jpg,Assets/StreamingAssets/Ygo/Art/61583217.jpg,false,pending,Imported from starter-decks-2026-08.,Cynet Universe,
62397231,Hyozanryu,official,Monstro Normal,starter-decks-2026-08,simple,,,not_required_no_effect,true,https://images.ygoprodeck.com/images/cards/62397231.jpg,Assets/StreamingAssets/Ygo/Art/62397231.jpg,false,pending,Imported from starter-decks-2026-08.,Hyozanryu,
64163367,"Incubador de Células ""A""",official,Carta de Magia,starter-decks-2026-08,continuous,,official/c64163367.lua,true,true,https://images.ygoprodeck.com/images/cards/64163367.jpg,Assets/StreamingAssets/Ygo/Art/64163367.jpg,false,pending,Imported from starter-decks-2026-08.,"""A"" Cell Incubator",
65898344,Fúria de Ghoti,official,Carta de Armadilha,starter-decks-2026-08,continuous,,official/c65898344.lua,true,true,https://images.ygoprodeck.com/images/cards/65898344.jpg,Assets/StreamingAssets/Ygo/Art/65898344.jpg,false,pending,Imported from starter-decks-2026-08.,Ghoti Fury,
65910922,"Arionpos, Serpente do Ghoti",official,Monstro Sincro,starter-decks-2026-08,extra_deck,,official/c65910922.lua,true,true,https://images.ygoprodeck.com/images/cards/65910922.jpg,Assets/StreamingAssets/Ygo/Art/65910922.jpg,false,pending,Imported from starter-decks-2026-08.,"Arionpos, Serpent of the Ghoti",
66516792,Dragão-Serpente da Noite,official,Monstro Normal,starter-decks-2026-08,simple,,,not_required_no_effect,true,https://images.ygoprodeck.com/images/cards/66516792.jpg,Assets/StreamingAssets/Ygo/Art/66516792.jpg,false,pending,Imported from starter-decks-2026-08.,Serpent Night Dragon,
67829249,Broca do Mecanismo Antigo,official,Carta de Magia,starter-decks-2026-08,trigger,,official/c67829249.lua,true,true,https://images.ygoprodeck.com/images/cards/67829249.jpg,Assets/StreamingAssets/Ygo/Art/67829249.jpg,false,pending,Imported from starter-decks-2026-08.,Ancient Gear Drill,
67922702,Besta Fantasma Mecha Lobo-corrente,official,Monstro de Efeito,starter-decks-2026-08,quick,,official/c67922702.lua,true,true,https://images.ygoprodeck.com/images/cards/67922702.jpg,Assets/StreamingAssets/Ygo/Art/67922702.jpg,false,pending,Imported from starter-decks-2026-08.,Mecha Phantom Beast Tetherwolf,
69162969,Turbilhão de Relâmpagos,official,Carta de Magia,starter-decks-2026-08,intermediate,,official/c69162969.lua,true,true,https://images.ygoprodeck.com/images/cards/69162969.jpg,Assets/StreamingAssets/Ygo/Art/69162969.jpg,false,pending,Imported from starter-decks-2026-08.,Lightning Vortex,
69247929,Lobo de Guerra Geneticamente Alterado,official,Monstro Normal,starter-decks-2026-08,simple,,,not_required_no_effect,true,https://images.ygoprodeck.com/images/cards/69247929.jpg,Assets/StreamingAssets/Ygo/Art/69247929.jpg,false,pending,Imported from starter-decks-2026-08.,Gene-Warped Warwolf,
70219023,"Coordius, o Dealmon Trifásico",official,Monstro de Fusão,starter-decks-2026-08,extra_deck,,official/c70219023.lua,true,true,https://images.ygoprodeck.com/images/cards/70219023.jpg,Assets/StreamingAssets/Ygo/Art/70219023.jpg,false,pending,Imported from starter-decks-2026-08.,Coordius the Triphasic Dealmon,
70645913,Criado Vampiro,official,Monstro de Efeito,starter-decks-2026-08,trigger,,official/c70645913.lua,true,true,https://images.ygoprodeck.com/images/cards/70645913.jpg,Assets/StreamingAssets/Ygo/Art/70645913.jpg,false,pending,Imported from starter-decks-2026-08.,Vampire Retainer,
71172240,Backlinker,official,Monstro de Efeito,starter-decks-2026-08,trigger,,official/c71172240.lua,true,true,https://images.ygoprodeck.com/images/cards/71172240.jpg,Assets/StreamingAssets/Ygo/Art/71172240.jpg,false,pending,Imported from starter-decks-2026-08.,Backlinker,
71564252,Rei do Trovão Rai-Oh,official,Monstro de Efeito,starter-decks-2026-08,negation,,official/c71564252.lua,true,true,https://images.ygoprodeck.com/images/cards/71564252.jpg,Assets/StreamingAssets/Ygo/Art/71564252.jpg,false,pending,Imported from starter-decks-2026-08.,Thunder King Rai-Oh,
72309040,Ghoti da Profundeza Distante,official,Monstro Sincro,starter-decks-2026-08,extra_deck,,official/c72309040.lua,true,true,https://images.ygoprodeck.com/images/cards/72309040.jpg,Assets/StreamingAssets/Ygo/Art/72309040.jpg,false,pending,Imported from starter-decks-2026-08.,Ghoti of the Deep Beyond,
72913666,Lobo de Guerra Fantardil,official,Monstro de Efeito,starter-decks-2026-08,trigger,,official/c72913666.lua,true,true,https://images.ygoprodeck.com/images/cards/72913666.jpg,Assets/StreamingAssets/Ygo/Art/72913666.jpg,false,pending,Imported from starter-decks-2026-08.,Ghostrick Warwolf,
73285669,Besta Gladiadora Essedarii,official,Monstro de Fusão,starter-decks-2026-08,extra_deck,,official/c73285669.lua,true,true,https://images.ygoprodeck.com/images/cards/73285669.jpg,Assets/StreamingAssets/Ygo/Art/73285669.jpg,false,pending,Imported from starter-decks-2026-08.,Gladiator Beast Essedarii,
73421698,"Shif, a Fada dos Ghoti",official,Monstro Regulador de Efeito,starter-decks-2026-08,quick,,official/c73421698.lua,true,true,https://images.ygoprodeck.com/images/cards/73421698.jpg,Assets/StreamingAssets/Ygo/Art/73421698.jpg,false,pending,Imported from starter-decks-2026-08.,"Shif, Fairy of the Ghoti",
74117290,Negócios do Mundo Negro,official,Carta de Magia,starter-decks-2026-08,intermediate,,official/c74117290.lua,true,true,https://images.ygoprodeck.com/images/cards/74117290.jpg,Assets/StreamingAssets/Ygo/Art/74117290.jpg,false,pending,Imported from starter-decks-2026-08.,Dark World Dealings,
74210057,Textranformar,official,Monstro de Efeito,starter-decks-2026-08,negation,,official/c74210057.lua,true,true,https://images.ygoprodeck.com/images/cards/74210057.jpg,Assets/StreamingAssets/Ygo/Art/74210057.jpg,false,pending,Imported from starter-decks-2026-08.,Texchanger,
74519184,Destruição da Mão,official,Carta de Magia,starter-decks-2026-08,quick,,official/c74519184.lua,true,true,https://images.ygoprodeck.com/images/cards/74519184.jpg,Assets/StreamingAssets/Ygo/Art/74519184.jpg,false,pending,Imported from starter-decks-2026-08.,Hand Destruction,
76133574,"Zep, Rubi do Ghoti",official,Monstro Regulador de Efeito,starter-decks-2026-08,trigger,,official/c76133574.lua,true,true,https://images.ygoprodeck.com/images/cards/76133574.jpg,Assets/StreamingAssets/Ygo/Art/76133574.jpg,false,pending,Imported from starter-decks-2026-08.,"Zep, Ruby of the Ghoti",
76232340,Sengenjin,official,Monstro Normal,starter-decks-2026-08,simple,,,not_required_no_effect,true,https://images.ygoprodeck.com/images/cards/76232340.jpg,Assets/StreamingAssets/Ygo/Art/76232340.jpg,false,pending,Imported from starter-decks-2026-08.,Sengenjin,
77538567,Suborno Obscuro,official,Carta de Armadilha,starter-decks-2026-08,negation,,official/c77538567.lua,true,true,https://images.ygoprodeck.com/images/cards/77538567.jpg,Assets/StreamingAssets/Ygo/Art/77538567.jpg,false,pending,Imported from starter-decks-2026-08.,Dark Bribe,
77565204,Fusão Futura,official,Carta de Magia,starter-decks-2026-08,continuous,,official/c77565204.lua,true,true,https://images.ygoprodeck.com/images/cards/77565204.jpg,Assets/StreamingAssets/Ygo/Art/77565204.jpg,false,pending,Imported from starter-decks-2026-08.,Future Fusion,
78161361,Diribravo,official,Monstro de Efeito,starter-decks-2026-08,trigger,,official/c78161361.lua,true,true,https://images.ygoprodeck.com/images/cards/78161361.jpg,Assets/StreamingAssets/Ygo/Art/78161361.jpg,false,pending,Imported from starter-decks-2026-08.,Bravedrive,
78868776,Besta Gladiadora Laquari,official,Monstro de Efeito,starter-decks-2026-08,trigger,,official/c78868776.lua,true,true,https://images.ygoprodeck.com/images/cards/78868776.jpg,Assets/StreamingAssets/Ygo/Art/78868776.jpg,false,pending,Imported from starter-decks-2026-08.,Gladiator Beast Laquari,
79109599,Rei do Pântano,official,Monstro de Efeito,starter-decks-2026-08,intermediate,,official/c79109599.lua,true,true,https://images.ygoprodeck.com/images/cards/79109599.jpg,Assets/StreamingAssets/Ygo/Art/79109599.jpg,false,pending,Imported from starter-decks-2026-08.,King of the Swamp,
79323590,Corrente de Energia,official,Carta de Magia,starter-decks-2026-08,continuous,,official/c79323590.lua,true,true,https://images.ygoprodeck.com/images/cards/79323590.jpg,Assets/StreamingAssets/Ygo/Art/79323590.jpg,false,pending,Imported from starter-decks-2026-08.,Chain Energy,
80181649,"""Um caso para K9""",official,Carta de Magia,starter-decks-2026-08,continuous,,official/c80181649.lua,true,true,https://images.ygoprodeck.com/images/cards/80181649.jpg,Assets/StreamingAssets/Ygo/Art/80181649.jpg,false,pending,Imported from starter-decks-2026-08.,"""A Case for K9""",
80485722,Caçador Vampiro,official,Monstro de Efeito,starter-decks-2026-08,trigger,,official/c80485722.lua,true,true,https://images.ygoprodeck.com/images/cards/80485722.jpg,Assets/StreamingAssets/Ygo/Art/80485722.jpg,false,pending,Imported from starter-decks-2026-08.,Vampire Hunter,
81330115,Número 30: Gólem de Ácido da Destruição,official,Monstro Xyz,starter-decks-2026-08,extra_deck,,official/c81330115.lua,true,true,https://images.ygoprodeck.com/images/cards/81330115.jpg,Assets/StreamingAssets/Ygo/Art/81330115.jpg,false,pending,Imported from starter-decks-2026-08.,Number 30: Acid Golem of Destruction,
83102080,Tornado Paralelo,official,Carta de Magia,starter-decks-2026-08,intermediate,,official/c83102080.lua,true,true,https://images.ygoprodeck.com/images/cards/83102080.jpg,Assets/StreamingAssets/Ygo/Art/83102080.jpg,false,pending,Imported from starter-decks-2026-08.,Parallel Twister,
86780027,Solidariedade,official,Carta de Magia,starter-decks-2026-08,continuous,,official/c86780027.lua,true,true,https://images.ygoprodeck.com/images/cards/86780027.jpg,Assets/StreamingAssets/Ygo/Art/86780027.jpg,false,pending,Imported from starter-decks-2026-08.,Solidarity,
88000953,Rasterligre,official,Monstro Link,starter-decks-2026-08,extra_deck,,official/c88000953.lua,true,true,https://images.ygoprodeck.com/images/cards/88000953.jpg,Assets/StreamingAssets/Ygo/Art/88000953.jpg,false,pending,Imported from starter-decks-2026-08.,Rasterliger,
88132637,Lobo de Duas Cabeças,official,Monstro de Efeito,starter-decks-2026-08,negation,,official/c88132637.lua,true,true,https://images.ygoprodeck.com/images/cards/88132637.jpg,Assets/StreamingAssets/Ygo/Art/88132637.jpg,false,pending,Imported from starter-decks-2026-08.,Twin-Headed Wolf,
88728507,Feiticeiro Vampiro,official,Monstro de Efeito,starter-decks-2026-08,trigger,,official/c88728507.lua,true,true,https://images.ygoprodeck.com/images/cards/88728507.jpg,Assets/StreamingAssets/Ygo/Art/88728507.jpg,false,pending,Imported from starter-decks-2026-08.,Vampire Sorcerer,
88975532,Lobo de Guerra Negro como Azeviche,official,Monstro de Efeito,starter-decks-2026-08,intermediate,,official/c88975532.lua,true,true,https://images.ygoprodeck.com/images/cards/88975532.jpg,Assets/StreamingAssets/Ygo/Art/88975532.jpg,false,pending,Imported from starter-decks-2026-08.,Pitch-Black Warwolf,
89189982,Dragão Armado Metafis,official,Monstro Normal,starter-decks-2026-08,simple,,,not_required_no_effect,true,https://images.ygoprodeck.com/images/cards/89189982.jpg,Assets/StreamingAssets/Ygo/Art/89189982.jpg,false,pending,Imported from starter-decks-2026-08.,Metaphys Armed Dragon,
89832901,B. Dragão Rei da Selva,official,Monstro Normal,starter-decks-2026-08,simple,,,not_required_no_effect,true,https://images.ygoprodeck.com/images/cards/89832901.jpg,Assets/StreamingAssets/Ygo/Art/89832901.jpg,false,pending,Imported from starter-decks-2026-08.,B. Dragon Jungle King,
90299015,Fantasma Vampiro,official,Monstro de Efeito,starter-decks-2026-08,quick,,official/c90299015.lua,true,true,https://images.ygoprodeck.com/images/cards/90299015.jpg,Assets/StreamingAssets/Ygo/Art/90299015.jpg,false,pending,Imported from starter-decks-2026-08.,Vampire Ghost,
91269402,Farol Ciberso,official,Carta de Armadilha,starter-decks-2026-08,trigger,,official/c91269402.lua,true,true,https://images.ygoprodeck.com/images/cards/91269402.jpg,Assets/StreamingAssets/Ygo/Art/91269402.jpg,false,pending,Imported from starter-decks-2026-08.,Cyberse Beacon,
91697229,"Fenrir, o Logo Nórdico",official,Monstro de Efeito,starter-decks-2026-08,trigger,,official/c91697229.lua,true,true,https://images.ygoprodeck.com/images/cards/91697229.jpg,Assets/StreamingAssets/Ygo/Art/91697229.jpg,false,pending,Imported from starter-decks-2026-08.,Fenrir the Nordic Wolf,
91740879,Caldeirão do Homem Velho,official,Carta de Magia,starter-decks-2026-08,continuous,,official/c91740879.lua,true,true,https://images.ygoprodeck.com/images/cards/91740879.jpg,Assets/StreamingAssets/Ygo/Art/91740879.jpg,false,pending,Imported from starter-decks-2026-08.,Cauldron of the Old Man,
92001300,Castelo do Mecanismo Antigo,official,Carta de Magia,starter-decks-2026-08,continuous,,official/c92001300.lua,true,true,https://images.ygoprodeck.com/images/cards/92001300.jpg,Assets/StreamingAssets/Ygo/Art/92001300.jpg,false,pending,Imported from starter-decks-2026-08.,Ancient Gear Castle,
92176681,Colisor de Supressão,official,Monstro Normal,starter-decks-2026-08,simple,,,not_required_no_effect,true,https://images.ygoprodeck.com/images/cards/92176681.jpg,Assets/StreamingAssets/Ygo/Art/92176681.jpg,false,pending,Imported from starter-decks-2026-08.,Suppression Collider,
92373006,Tigre de Testes,official,Monstro de Efeito,starter-decks-2026-08,trigger,,official/c92373006.lua,true,true,https://images.ygoprodeck.com/images/cards/92373006.jpg,Assets/StreamingAssets/Ygo/Art/92373006.jpg,false,pending,Imported from starter-decks-2026-08.,Test Tiger,
92998610,Lupino Distante,official,Monstro de Efeito,starter-decks-2026-08,trigger,,official/c92998610.lua,true,true,https://images.ygoprodeck.com/images/cards/92998610.jpg,Assets/StreamingAssets/Ygo/Art/92998610.jpg,false,pending,Imported from starter-decks-2026-08.,Aloof Lupine,
93294869,Irmandade do Punho de Fogo - Lobo,official,Monstro de Efeito,starter-decks-2026-08,trigger,,official/c93294869.lua,true,true,https://images.ygoprodeck.com/images/cards/93294869.jpg,Assets/StreamingAssets/Ygo/Art/93294869.jpg,false,pending,Imported from starter-decks-2026-08.,Brotherhood of the Fire Fist - Wolf,
95174353,Ameba,official,Monstro de Efeito,starter-decks-2026-08,trigger,,official/c95174353.lua,true,true,https://images.ygoprodeck.com/images/cards/95174353.jpg,Assets/StreamingAssets/Ygo/Art/95174353.jpg,false,pending,Imported from starter-decks-2026-08.,Ameba,
95744531,Griggle,official,Monstro de Efeito,starter-decks-2026-08,trigger,,official/c95744531.lua,true,true,https://images.ygoprodeck.com/images/cards/95744531.jpg,Assets/StreamingAssets/Ygo/Art/95744531.jpg,false,pending,Imported from starter-decks-2026-08.,Griggle,
95788410,Coedragão,official,Monstro Normal,starter-decks-2026-08,simple,,,not_required_no_effect,true,https://images.ygoprodeck.com/images/cards/95788410.jpg,Assets/StreamingAssets/Ygo/Art/95788410.jpg,false,pending,Imported from starter-decks-2026-08.,Rabidragon,
96216229,Carruagem de Guerra da Besta Gladiadora,official,Carta de Armadilha,starter-decks-2026-08,negation,,official/c96216229.lua,true,true,https://images.ygoprodeck.com/images/cards/96216229.jpg,Assets/StreamingAssets/Ygo/Art/96216229.jpg,false,pending,Imported from starter-decks-2026-08.,Gladiator Beast War Chariot,
97017120,Rato Gigante,official,Monstro de Efeito,starter-decks-2026-08,trigger,,official/c97017120.lua,true,true,https://images.ygoprodeck.com/images/cards/97017120.jpg,Assets/StreamingAssets/Ygo/Art/97017120.jpg,false,pending,Imported from starter-decks-2026-08.,Giant Rat,
98891840,Descanso da Besta Gladiadora,official,Carta de Magia,starter-decks-2026-08,intermediate,,official/c98891840.lua,true,true,https://images.ygoprodeck.com/images/cards/98891840.jpg,Assets/StreamingAssets/Ygo/Art/98891840.jpg,false,pending,Imported from starter-decks-2026-08.,Gladiator Beast's Respite,
98978921,Link Aranha,official,Monstro Link,starter-decks-2026-08,extra_deck,,official/c98978921.lua,true,true,https://images.ygoprodeck.com/images/cards/98978921.jpg,Assets/StreamingAssets/Ygo/Art/98978921.jpg,false,pending,Imported from starter-decks-2026-08.,Link Spider,
99529628,"Keaf, Murk do Ghoti",official,Monstro de Efeito,starter-decks-2026-08,trigger,,official/c99529628.lua,true,true,https://images.ygoprodeck.com/images/cards/99529628.jpg,Assets/StreamingAssets/Ygo/Art/99529628.jpg,false,pending,Imported from starter-decks-2026-08.,"Keaf, Murk of the Ghoti",
